create database NewQLTC_8_5
use NewQLTC_8_5

drop database NewQLTC_8_5

create table QuanLiCuaHang(
	TaiKhoan char(12) not null primary key,
	TenQuanLi nvarchar(50),
	TenCuaHang nvarchar(50),
	Gmail char(50),
	SoDienThoai char(15),
	MatKhau varchar(20)
)

insert into QuanLiCuaHang 
values ('001203027599',N'Nguyễn Ngọc Bách',N'Shop quần áo Crazy Fall','Bach2932003@gmail.com','0829929785','1'),
	   ('001234567890',N'Nguyễn Đức Anh',N'Shop BOT giới trẻ','Anhzai10102003@gmail.com','0965245387','1'),
	   ('001200000000',N'Phùng Bảo Lâm',N'Shop sách IELST 9.0','Lam2182003@gmail.com','0376083588','1'),
	   ('001299999999',N'Bùi Quang Đạo',N'Shop bán phần mềm hack cả thế giới','Dao2282003@gmail.com','0829129235','1');

create table SanPham(
	MaSP int not null primary key,
	TaiKhoan char(12) not null,
	TenSP nvarchar(100),
	SoLuongSanPham int,
	DonGia money,
	foreign key (TaiKhoan) references QuanLiCuaHang(TaiKhoan)
)

select * from HoaDon

begin declare @Tien TABLE(Tien money);
                insert into @Tien(Tien) select sum(TienHang) from HoaDon where TaiKhoan='001203027599' and LoaiHD = N'Loại 1';
                update @Tien set Tien=0 where Tien is null;select * from @Tien;end;

insert into SanPham values (1, '001203027599', N'Áo thun cotton gấu rỗng form rộng',100,59000),
							(2, '001203027599', N'Áo thun cotton 4 mèo nằm form rộng',50,49000),
							(3, '001203027599', N'Áo thun cotton viền tàu form rộng',200,78000),
							(4, '001203027599', N'Hoodie nhiều thú Streetwear Quảng Châu',100,159000),
							(5, '001203027599', N'Áo Khoác Nỉ Hoodie - Nỉ Bông Ngoại Oversize',300,171000),
							(6, '001203027599', N'Hoodie Trơn Basic Form Oversize Nỉ Ngoại',220,271000),
							(7, '001203027599', N'Áo Polo Nữ Tay Ngắn Pique Mắt Chim Phối Bo Thoáng Khí',100,271000),
							(8, '001203027599', N'Áo Polo Nữ Coolmax Lacoste',300,271000),
							(9, '001203027599', N'Áo Polo Nữ Mắt Chim Phối Màu In Kẻ',50,444000),
							(10, '001203027599', N'Áo Polo Nam Mắt Chim Phối Màu In Kẻ',100,231000),
							(11, '001203027599', N'Áo Polo Nam Pique Mắt Chim Basic Co Giãn Thoáng Khí',220,259000),
							(12, '001203027599', N'Áo Polo Nam Airymax Thêu Panda',100,331000),
							(13, '001203027599', N'Áo Polo Nam Peco In Kẻ',30,571000),
							(14, '001203027599', N'Áo Chống Nắng Nữ Airy UV Thoáng Mát Chống Tia UV',160,329000),
							(15, '001203027599', N'Áo Chống Nắng Nữ Đa Năng Anti UV - Versatile',170,333000),
							(16, '001203027599', N'Quần Jeans Nữ Baggy Co Giãn Cạp Liền',100,444000),
							(17, '001203027599', N'Quần Jeans Nữ Dáng Boy Lưng Thấp Vải Mềm Thoáng Khí',240,109000),
							(18, '001203027599', N'Quần Jeans Nữ Baggy Gấu Xếp Ly',20,599000),
							(19, '001203027599', N'Quần Jean Nam Cafe Thân Thiện Với Môi Trường',120,199000),
							(20, '001203027599', N'Quần Jean Nam S-Cafe Siêu Co Giãn Thoáng Mát',130,199000),
							(21, '001203027599', N'Quần Jean Nam Slimfit Rayon Dây Dệt Túi Đồng Hồ',223,199000),
							(22, '001203027599', N'Chân Váy Dáng A Khaki Túi Ốp',139,239000),
							(23, '001203027599', N'Chân Váy Dạ Tweed Chữ A Ngắn',187,189000),
							(24, '001203027599', N'Chân Váy Dạ Tweed Chữ A Sành Điệu',120,229000),
							(25, '001203027599', N'Quần Tây Nữ Ống Vểnh Cơ Bản',123,339000),
							(26, '001203027599', N'Quần Âu Nữ Dáng Sông Đai Oze',222,249000),
							(27, '001203027599', N'Quần Âu Nữ Relax Pants Yody',211,179000),
							(28, '001203027599', N'Quần Âu Nam Cao Cấp Giữ Phom, Co Giãn Thoải Mái',300,179000),
							(29, '001203027599', N'Quần Âu Nam Cafe',300,179000),
							(30, '001203027599', N'Quần Âu Nam Ống Đứng Vải Nano Melange Giữ Phom Ít Nhăn',300,179000),
							(31, '001203027599', N'Áo Sơ Mi Nữ Tay Dài Túi Ốp',300,199000),
							(32, '001203027599', N'Áo Sơ Mi Nữ Tay Dài Cổ Bèo Dáng Suông',220,159000),
							(33, '001203027599', N'Áo Sơ Mi Nam Dài Tay Vải Cafe',312,599000),
							(34, '001203027599', N'Áo Sơ Mi Nhung Nam Thêu Gấu',222,149000),
							(35, '001203027599', N'Áo Sơ Mi Nam Tay Ngắn MÁT - MỀM - MỊN',110,89000),
							(36, '001203027599', N'Áo khoác phao nam lót lông đẹp',444,299000),
							(37, '001203027599', N'Áo phao nam cao cấp lịch lãm',33,1099000),
							(38, '001203027599', N'Áo khoác kaki hàng hiệu rêu',300,129000),
							(39, '001203027599', N'Áo khoác kaki hàng hiệu đen',300,179000),
							(40, '001203027599', N'Áo gió lót lông hàng hiệu xanh',200,169000),
							(41, '001203027599', N'Áo gió lót lông hàng hiệu đen',200,129000),
							(42, '001203027599', N'Áo chống nắng nam 1 lớp xanh',100,239000),
							(43, '001203027599', N'Áo chống nắng nam trắng thể thao',100,99000),
							(44, '001203027599', N'Áo khoác măng tô dạ nam đen',300,179000),
							(45, '001203027599', N'Áo khoác măng tô dạ nam ghi',300,179000);

------ Mấy thằng giao dịch, công nợ, số quỹ sẽ ko insert mà khi khởi động chương trình thì mới insert vào cho đỡ mất công
create table HoaDon(
	SoHD int not null primary key,
	TaiKhoan char(12) not null,
	LoaiHD nvarchar(50),
	PTGD nvarchar(50),
	TienHang money,
	TienVanChuyen money,
	TienThanhToan money,
	ThoiGian date,
	DichVuShipCOD char(5),
	NguoiNhanTien nvarchar(30),
	foreign key (TaiKhoan) references QuanLiCuaHang(TaiKhoan)
)

insert into HoaDon
values  (1766, '001203027599', N'Loại 1', N'Tiền mặt', 5980000, 0, 0, '2023-08-14', '', '')

--Phân theo loại hóa đơn
insert into HoaDon
values  (1001, '001203027599', N'Loại 1', N'Tiền mặt', 5980000, 0, 0, '2021-01-13', '', ''),
		(1002, '001203027599', N'Loại 1', N'Tiền mặt', 9990000, 0, 0, '2021-02-14', '', ''),
		(1003, '001203027599', N'Loại 1', N'Tiền mặt', 11000000, 0, 0, '2021-03-15', '', ''),
		(1004, '001203027599', N'Loại 1', N'Tiền mặt', 12000000, 0, 0, '2021-04-16', '', ''),
		(1005, '001203027599', N'Loại 1', N'Tiền mặt', 11000000, 0, 0, '2021-05-17', '', ''),
		(1006, '001203027599', N'Loại 1', N'Tiền mặt', 11000000, 0, 0, '2021-06-18', '', ''),
		(1007, '001203027599', N'Loại 1', N'Tiền mặt', 11000000, 0, 0, '2021-07-19', '', ''),
		(1008, '001203027599', N'Loại 1', N'Tiền mặt', 11000000, 0, 0, '2021-08-20', '', ''),
		(1009, '001203027599', N'Loại 1', N'Tiền mặt', 11000000, 0, 0, '2021-09-21', '', ''),
		(1010, '001203027599', N'Loại 1', N'Tiền mặt', 13999000, 0, 0, '2021-10-22', '', ''),
		(1011, '001203027599', N'Loại 1', N'Tiền chuyển khoản', 5980000, 0, 0, '2021-11-23', '', ''),
		(1012, '001203027599', N'Loại 1', N'Tiền chuyển khoản', 14980000, 0, 0, '2021-12-24', '', ''),
		(1013, '001203027599', N'Loại 1', N'Tiền chuyển khoản', 14980000, 0, 0, '2022-01-25', '', ''),
		(1014, '001203027599', N'Loại 1', N'Tiền chuyển khoản', 13980000, 0, 0, '2022-02-26', '', ''),
		(1015, '001203027599', N'Loại 1', N'Tiền chuyển khoản', 12980000, 0, 0, '2022-03-27', '', ''),
		(1016, '001203027599', N'Loại 1', N'Tiền chuyển khoản', 12980000, 0, 0, '2022-04-28', '', ''),
		(1017, '001203027599', N'Loại 1', N'Tiền chuyển khoản', 13980000, 0, 0, '2022-05-29', '', ''),
		(1018, '001203027599', N'Loại 1', N'Tiền chuyển khoản', 6980000, 0, 0, '2022-06-01', '', ''),
		(1019, '001203027599', N'Loại 1', N'Tiền chuyển khoản', 7980000, 0, 0, '2022-07-02', '', ''),
		(1020, '001203027599', N'Loại 1', N'Tiền chuyển khoản', 8980000, 0, 0, '2022-08-03', '', ''),
		(1021, '001203027599', N'Loại 1', N'Tiền thẻ', 12990000, 0, 0, '2022-09-04', '', ''),
		(1022, '001203027599', N'Loại 1', N'Tiền thẻ', 13990000, 0, 0, '2022-10-05', '', ''),
		(1023, '001203027599', N'Loại 1', N'Tiền thẻ', 15990000, 0, 0, '2022-11-06', '', ''),
		(1024, '001203027599', N'Loại 1', N'Tiền thẻ', 11990000, 0, 0, '2022-12-07', '', ''),
		(1025, '001203027599', N'Loại 1', N'Tiền thẻ', 5990000, 0, 0, '2023-01-08', '', ''),
		(1026, '001203027599', N'Loại 1', N'Tiền thẻ', 11000000, 0, 0, '2023-02-09', '', ''),
		(1027, '001203027599', N'Loại 1', N'Tiền thẻ', 11000000, 0, 0, '2023-03-10', '', ''),
		(1028, '001203027599', N'Loại 1', N'Tiền thẻ', 17990000, 0, 0, '2023-04-11', '', ''),
		(1029, '001203027599', N'Loại 1', N'Tiền thẻ', 13990000, 0, 0, '2020-05-12', '', ''),
		(1030, '001203027599', N'Loại 1', N'Tiền thẻ', 5990000, 0, 0, '2020-06-13', '', ''),
		(1031, '001203027599', N'Loại 1', N'Tiền thẻ', 5990000, 0, 0, '2020-07-13', '', ''),
		(1032, '001203027599', N'Loại 1', N'Tiền thẻ', 5990000, 0, 0, '2020-08-13', '', ''),
		(1033, '001203027599', N'Loại 1', N'Tiền thẻ', 5990000, 0, 0, '2020-09-13', '', ''),
		(1034, '001203027599', N'Loại 1', N'Tiền thẻ', 5990000, 0, 0, '2020-10-13', '', ''),
		(1035, '001203027599', N'Loại 1', N'Tiền thẻ', 5990000, 0, 0, '2020-11-13', '', ''),
		(1036, '001203027599', N'Loại 1', N'Tiền thẻ', 5990000, 0, 0, '2020-12-13', '', ''),
	
		(1037, '001203027599', N'Loại 2 - GHN', N'Chuyển khoản', 13990000, 50000, 0, '2021-01-13', 'No', N'Cửa hàng'),
		(1038, '001203027599', N'Loại 2 - GHTK', N'Chuyển khoản', 5990000, 50000, 0, '2021-02-13', 'No', N'Cửa hàng'),
		(1039, '001203027599', N'Loại 2 - Kerry Express', N'Chuyển khoản', 6990000, 50000, 0, '2021-03-13', 'No', N'Cửa hàng'),
		(1040, '001203027599', N'Loại 2 - Kerry Express', N'Chuyển khoản', 12990000, 50000, 0, '2021-04-13', 'No', N'Cửa hàng'),
		(1041, '001203027599', N'Loại 2 - GHN', N'Chuyển khoản', 8990000, 50000, 0, '2021-05-13', 'No', N'Cửa hàng'),
		(1042, '001203027599', N'Loại 2 - SShip', N'Chuyển khoản', 7990000, 50000, 0, '2021-06-13', 'No', N'Cửa hàng'),
		(1043, '001203027599', N'Loại 2 - VNPost', N'Chuyển khoản', 12990000, 50000, 0, '2021-07-13', 'No', N'Cửa hàng'),
		(1044, '001203027599', N'Loại 2 - VNPost', N'Chuyển khoản', 13990000, 50000, 0, '2021-08-13', 'No', N'Cửa hàng'),
		(1045, '001203027599', N'Loại 2 - Viettel Post', N'Chuyển khoản', 11990000, 50000, 0, '2021-09-13', 'No', N'Cửa hàng'),
		(1046, '001203027599', N'Loại 2 - Viettel Post', N'Chuyển khoản', 11990000, 50000, 0, '2021-10-13', 'No', N'Cửa hàng'),
		(1047, '001203027599', N'Loại 2 - Viettel Post', N'Chuyển khoản', 11990000, 50000, 0, '2021-11-13', 'No', N'Cửa hàng'),
		(1048, '001203027599', N'Loại 2 - Viettel Post', N'Chuyển khoản', 11990000, 22000, 0, '2021-12-13', 'No', N'Cửa hàng'),
		(1049, '001203027599', N'Loại 2 - GHN', N'', 13990000, 50000, 0, '2022-01-13', 'No', N'Shipper'),
		(1050, '001203027599', N'Loại 2 - GHTK', N'', 5990000, 50000, 0, '2022-02-13', 'No', N'Shipper'),
		(1051, '001203027599', N'Loại 2 - Kerry Express', N'', 6990000, 50000, 0, '2022-03-13', 'No', N'Shipper'),
		(1052, '001203027599', N'Loại 2 - Kerry Express', N'', 12990000, 50000, 0, '2022-04-13', 'No', N'Shipper'),
		(1053, '001203027599', N'Loại 2 - GHN', N'', 8990000, 50000, 0, '2022-05-13', 'No', N'Shipper'),
		(1054, '001203027599', N'Loại 2 - SShip', N'', 7990000, 50000, 0, '2022-06-13', 'No', N'Shipper'),
		(1055, '001203027599', N'Loại 2 - VNPost', N'', 12990000, 50000, 0, '2022-07-13', 'No', N'Shipper'),
		(1056, '001203027599', N'Loại 2 - VNPost', N'', 13990000, 50000, 0, '2022-08-13', 'No', N'Shipper'),
		(1057, '001203027599', N'Loại 2 - Viettel Post', N'', 11990000, 50000, 0, '2022-09-13', 'No', N'Shipper'),
		(1058, '001203027599', N'Loại 2 - Viettel Post', N'', 11990000, 50000, 0, '2022-10-13', 'No', N'Shipper'),
		(1059, '001203027599', N'Loại 2 - Viettel Post', N'', 11990000, 50000, 0, '2022-11-13', 'No', N'Shipper'),
		(1060, '001203027599', N'Loại 2 - Viettel Post', N'', 11990000, 50000, 0, '2022-12-13', 'No', N'Shipper'),
		(1061, '001203027599', N'Loại 2 - GHN', N'Chuyển khoản', 13990000, 0, 0, '2023-01-13', 'Yes', N'Cửa hàng'),
		(1062, '001203027599', N'Loại 2 - GHTK', N'Chuyển khoản', 15990000, 0, 0, '2023-02-13', 'Yes', N'Cửa hàng'),
		(1063, '001203027599', N'Loại 2 - Kerry Express', N'Chuyển khoản', 1699000, 0, 0, '2023-03-13', 'Yes', N'Cửa hàng'),
		(1064, '001203027599', N'Loại 2 - Kerry Express', N'Chuyển khoản', 1299000, 0, 0, '2023-04-13', 'Yes', N'Cửa hàng'),
		(1065, '001203027599', N'Loại 2 - GHN', N'Chuyển khoản', 8990000, 0, 0, '2020-05-13', 'Yes', N'Cửa hàng'),
		(1066, '001203027599', N'Loại 2 - SShip', N'Chuyển khoản', 7990000, 0, 0, '2020-06-13', 'Yes', N'Cửa hàng'),
		(1067, '001203027599', N'Loại 2 - VNPost', N'Chuyển khoản', 12990000, 0, 0, '2020-07-13', 'Yes', N'Cửa hàng'),
		(1068, '001203027599', N'Loại 2 - VNPost', N'Chuyển khoản', 13990000, 0, 0, '2020-08-13', 'Yes', N'Cửa hàng'),
		(1069, '001203027599', N'Loại 2 - Viettel Post', N'Chuyển khoản', 11990000, 0, 0, '2020-09-13', 'Yes', N'Cửa hàng'),
		(1070, '001203027599', N'Loại 2 - Viettel Post', N'Chuyển khoản', 11990000, 0, 0, '2020-10-13', 'Yes', N'Cửa hàng'),
		(1071, '001203027599', N'Loại 2 - Viettel Post', N'Chuyển khoản', 11990000, 0, 0, '2020-11-13', 'Yes', N'Cửa hàng'),
		(1072, '001203027599', N'Loại 2 - Viettel Post', N'Chuyển khoản', 11990000, 0, 0, '2020-12-13', 'Yes', N'Cửa hàng'),
		
		(1073, '001203027599', N'Loại 3 - NCC001', N'',  8990000, 10000, 0, '2021-01-10', '', N''),
		(1074, '001203027599', N'Loại 3 - NCC002', N'', 14990000, 10000, 0, '2021-02-23', '', N''),
		(1075, '001203027599', N'Loại 3 - NCC003', N'', 15990000, 10000, 0, '2021-03-29', '', N''),
		(1076, '001203027599', N'Loại 3 - NCC004', N'', 6990000, 10000, 0, '2021-04-12', '', N''),
		(1077, '001203027599', N'Loại 3 - NCC005', N'', 11000000, 10000, 0, '2021-05-03', '', N''),
		(1078, '001203027599', N'Loại 3 - NCC001', N'', 12000000, 10000, 0, '2021-06-24', '', N''),
		(1079, '001203027599', N'Loại 3 - NCC002', N'', 5990000, 10000, 0, '2021-07-25', '', N''),
		(1080, '001203027599', N'Loại 3 - NCC003', N'', 7990000, 10000, 0, '2021-08-26', '', N''),
		(1081, '001203027599', N'Loại 3 - NCC004', N'', 8990000, 10000, 0, '2021-09-01', '', N''),
		(1082, '001203027599', N'Loại 3 - NCC005', N'', 13990000, 10000, 0, '2021-10-03', '', N''),
		(1083, '001203027599', N'Loại 3 - NCC005', N'', 13990000, 10000, 0, '2021-11-03', '', N''),
		(1084, '001203027599', N'Loại 3 - NCC005', N'', 13990000, 10000, 0, '2021-12-03', '', N''),
		(1085, '001203027599', N'Loại 3 - NCC001', N'', 8990000, 10000, 0, '2022-01-10', '', N''),
		(1086, '001203027599', N'Loại 3 - NCC002', N'', 14990000, 10000, 0, '2022-02-23', '', N''),
		(1087, '001203027599', N'Loại 3 - NCC003', N'', 5990000, 10000, 0, '2022-03-29', '', N''),
		(1088, '001203027599', N'Loại 3 - NCC004', N'', 6990000, 10000, 0, '2022-04-12', '', N''),
		(1089, '001203027599', N'Loại 3 - NCC005', N'', 11000000, 10000, 0, '2022-05-03', '', N''),
		(1090, '001203027599', N'Loại 3 - NCC001', N'', 12000000, 10000, 0, '2022-06-24', '', N''),
		(1091, '001203027599', N'Loại 3 - NCC002', N'', 5990000, 10000, 0, '2022-07-25', '', N''),
		(1092, '001203027599', N'Loại 3 - NCC003', N'', 7990000, 10000, 0, '2022-08-26', '', N''),
		(1093, '001203027599', N'Loại 3 - NCC004', N'', 8990000, 10000, 0, '2022-09-01', '', N''),
		(1094, '001203027599', N'Loại 3 - NCC005', N'', 13990000, 10000, 0, '2022-10-03', '', N''),
		(1095, '001203027599', N'Loại 3 - NCC005', N'', 13990000, 10000, 0, '2022-11-03', '', N''),
		(1096, '001203027599', N'Loại 3 - NCC005', N'', 13990000, 10000, 0, '2022-12-03', '', N''),
		(1097, '001203027599', N'Loại 3 - NCC001', N'', 8990000, 10000, 0, '2023-01-10', '', N''),
		(1098, '001203027599', N'Loại 3 - NCC002', N'', 14990000, 10000, 0, '2023-02-23', '', N''),
		(1099, '001203027599', N'Loại 3 - NCC003', N'', 5990000, 10000, 0, '2023-03-29', '', N''),
		(1100, '001203027599', N'Loại 3 - NCC004', N'', 6990000, 10000, 0, '2023-04-12', '', N''),
		(1101, '001203027599', N'Loại 3 - NCC005', N'', 11000000, 10000, 0, '2020-05-03', '', N''),
		(1102, '001203027599', N'Loại 3 - NCC001', N'', 12000000, 10000, 0, '2020-06-24', '', N''),
		(1103, '001203027599', N'Loại 3 - NCC002', N'', 5990000, 10000, 0, '2020-07-25', '', N''),
		(1104, '001203027599', N'Loại 3 - NCC003', N'', 7990000, 10000, 0, '2020-08-26', '', N''),
		(1105, '001203027599', N'Loại 3 - NCC004', N'', 8990000, 10000, 0, '2020-09-01', '', N''),
		(1106, '001203027599', N'Loại 3 - NCC005', N'', 13990000, 10000, 0, '2020-10-03', '', N''),
		(1107, '001203027599', N'Loại 3 - NCC005', N'', 13990000, 10000, 0, '2020-11-03', '', N''),
		(1108, '001203027599', N'Loại 3 - NCC005', N'', 13990000, 10000, 0, '2020-12-03', '', N''),

		(1109, '001203027599', N'Loại 4 - Viettel Post', N'Chuyển khoản', 0, 0, 5000, '2021-01-10', '', N''),
		(1110, '001203027599', N'Loại 4 - Viettel Post', N'Tiền mặt', 0, 0, 5000, '2021-02-23', '', N''),
		(1111, '001203027599', N'Loại 4 - VNPost', N'Chuyển khoản', 0, 0, 5000, '2021-03-29', '', N''),
		(1112, '001203027599', N'Loại 4 - VNPost', N'Tiền mặt', 0, 0, 5000, '2021-04-10', '', N''),
		(1113, '001203027599', N'Loại 4 - SShip', N'Tiền thẻ', 0, 0, 5000, '2021-05-11', '', N''),
		(1114, '001203027599', N'Loại 4 - GHN', N'Chuyển khoản', 0, 0, 5000, '2021-06-12', '', N''),
		(1115, '001203027599', N'Loại 4 - GHN', N'Tiền mặt', 0, 0, 5000, '2021-07-13', '', N''),
		(1116, '001203027599', N'Loại 4 - Kerry Express', N'Tiền thẻ', 0, 0, 5000, '2021-08-29', '', N''),
		(1117, '001203027599', N'Loại 4 - Kerry Express', N'Tiền mặt', 0, 0, 5000, '2021-09-9', '', N''),
		(1118, '001203027599', N'Loại 4 - GHTK', N'Chuyển khoản', 0, 0, 5000, '2021-10-10', '', N''),
		(1119, '001203027599', N'Loại 4 - GHTK', N'Chuyển khoản', 0, 0, 5000, '2021-11-10', '', N''),
		(1120, '001203027599', N'Loại 4 - GHTK', N'Chuyển khoản', 0, 0, 5000, '2021-12-10', '', N''),
		(1121, '001203027599', N'Loại 4 - Viettel Post', N'Chuyển khoản', 0, 0, 5000, '2022-01-10', '', N''),
		(1122, '001203027599', N'Loại 4 - Viettel Post', N'Tiền mặt', 0, 0, 5000, '2022-02-23', '', N''),
		(1123, '001203027599', N'Loại 4 - VNPost', N'Chuyển khoản', 0, 0, 5000, '2022-03-29', '', N''),
		(1124, '001203027599', N'Loại 4 - VNPost', N'Tiền mặt', 0, 0, 5000, '2022-04-10', '', N''),
		(1125, '001203027599', N'Loại 4 - SShip', N'Tiền thẻ', 0, 0, 5000, '2022-05-11', '', N''),
		(1126, '001203027599', N'Loại 4 - GHN', N'Chuyển khoản', 0, 0, 5000, '2022-06-12', '', N''),
		(1127, '001203027599', N'Loại 4 - GHN', N'Tiền mặt', 0, 0, 5000, '2022-07-13', '', N''),
		(1128, '001203027599', N'Loại 4 - Kerry Express', N'Tiền thẻ', 0, 0, 5000, '2022-08-29', '', N''),
		(1129, '001203027599', N'Loại 4 - Kerry Express', N'Tiền mặt', 0, 0, 5000, '2022-09-9', '', N''),
		(1130, '001203027599', N'Loại 4 - GHTK', N'Chuyển khoản', 0, 0, 5000, '2022-10-10', '', N''),
		(1131, '001203027599', N'Loại 4 - GHTK', N'Chuyển khoản', 0, 0, 5000, '2022-11-10', '', N''),
		(1132, '001203027599', N'Loại 4 - GHTK', N'Chuyển khoản', 0, 0, 5000, '2022-12-10', '', N''),
		(1133, '001203027599', N'Loại 4 - Viettel Post', N'Chuyển khoản', 0, 0, 5000, '2023-01-10', '', N''),
		(1134, '001203027599', N'Loại 4 - Viettel Post', N'Tiền mặt', 0, 0, 5000, '2023-02-23', '', N''),
		(1135, '001203027599', N'Loại 4 - VNPost', N'Chuyển khoản', 0, 0, 5000, '2023-03-29', '', N''),
		(1136, '001203027599', N'Loại 4 - VNPost', N'Tiền mặt', 0, 0, 5000, '2023-04-10', '', N''),
		(1137, '001203027599', N'Loại 4 - SShip', N'Tiền thẻ', 0, 0, 5000, '2020-05-11', '', N''),
		(1138, '001203027599', N'Loại 4 - GHN', N'Chuyển khoản', 0, 0, 5000, '2020-06-12', '', N''),
		(1139, '001203027599', N'Loại 4 - GHN', N'Tiền mặt', 0, 0, 5000, '2020-07-13', '', N''),
		(1140, '001203027599', N'Loại 4 - Kerry Express', N'Tiền thẻ', 0, 0, 5000, '2020-08-29', '', N''),
		(1141, '001203027599', N'Loại 4 - Kerry Express', N'Tiền mặt', 0, 0, 5000, '2020-09-9', '', N''),
		(1142, '001203027599', N'Loại 4 - GHTK', N'Chuyển khoản', 0, 0, 5000, '2020-10-10', '', N''),
		(1143, '001203027599', N'Loại 4 - GHTK', N'Chuyển khoản', 0, 0, 5000, '2020-11-10', '', N''),
		(1144, '001203027599', N'Loại 4 - GHTK', N'Chuyển khoản', 0, 0, 5000, '2020-12-10', '', N''),

		(1145, '001203027599', N'Loại 5 - Viettel Post', N'Chuyển khoản', 0, 0, 30000000, '2021-01-10', '', N''),
		(1146, '001203027599', N'Loại 5 - Viettel Post', N'Tiền mặt', 0, 0, 25000000, '2021-02-23', '', N''),
		(1147, '001203027599', N'Loại 5 - VNPost', N'Chuyển khoản', 0, 0, 225000, '2021-03-29', '', N''),
		(1148, '001203027599', N'Loại 5 - VNPost', N'Tiền mặt', 0, 0, 1500000, '2021-04-10', '', N''),
		(1149, '001203027599', N'Loại 5 - SShip', N'Tiền thẻ', 0, 0, 1590000, '2021-05-11', '', N''),
		(1150, '001203027599', N'Loại 5 - GHN', N'Chuyển khoản', 0, 0, 1220000, '2021-06-12', '', N''),
		(1151, '001203027599', N'Loại 5 - GHN', N'Tiền mặt', 0, 0, 1000000, '2021-07-13', '', N''),
		(1152, '001203027599', N'Loại 5 - Kerry Express', N'Tiền thẻ', 0, 0, 1500000, '2021-08-29', '', N''),
		(1153, '001203027599', N'Loại 5 - Kerry Express', N'Tiền mặt', 0, 0, 3000000, '2021-09-9', '', N''),
		(1154, '001203027599', N'Loại 5 - GHTK', N'Chuyển khoản', 0, 0, 400000, '2021-10-10', '', N''),
		(1155, '001203027599', N'Loại 5 - GHTK', N'Chuyển khoản', 0, 0, 400000, '2021-11-10', '', N''),
		(1156, '001203027599', N'Loại 5 - GHTK', N'Chuyển khoản', 0, 0, 4000000, '2021-12-10', '', N''),
		(1157, '001203027599', N'Loại 5 - Viettel Post', N'Chuyển khoản', 0, 0, 3000000, '2022-01-10', '', N''),
		(1158, '001203027599', N'Loại 5 - Viettel Post', N'Tiền mặt', 0, 0, 25000000, '2022-02-23', '', N''),
		(1159, '001203027599', N'Loại 5 - VNPost', N'Chuyển khoản', 0, 0, 2250000, '2022-03-29', '', N''),
		(1160, '001203027599', N'Loại 5 - VNPost', N'Tiền mặt', 0, 0, 1500000, '2022-04-10', '', N''),
		(1161, '001203027599', N'Loại 5 - SShip', N'Tiền thẻ', 0, 0, 1590000, '2022-05-11', '', N''),
		(1162, '001203027599', N'Loại 5 - GHN', N'Chuyển khoản', 0, 0, 1220000, '2022-06-12', '', N''),
		(1163, '001203027599', N'Loại 5 - GHN', N'Tiền mặt', 0, 0, 1000000, '2022-07-13', '', N''),
		(1164, '001203027599', N'Loại 5 - Kerry Express', N'Tiền thẻ', 0, 0, 1500000, '2022-08-29', '', N''),
		(1165, '001203027599', N'Loại 5 - Kerry Express', N'Tiền mặt', 0, 0, 3000000, '2022-09-9', '', N''),
		(1166, '001203027599', N'Loại 5 - GHTK', N'Chuyển khoản', 0, 0, 4000000, '2022-10-10', '', N''),
		(1167, '001203027599', N'Loại 5 - GHTK', N'Chuyển khoản', 0, 0, 4000000, '2022-11-10', '', N''),
		(1168, '001203027599', N'Loại 5 - GHTK', N'Chuyển khoản', 0, 0, 4000000, '2022-12-10', '', N''),
		(1169, '001203027599', N'Loại 5 - Viettel Post', N'Chuyển khoản', 0, 0, 3000000, '2023-01-10', '', N''),
		(1170, '001203027599', N'Loại 5 - Viettel Post', N'Tiền mặt', 0, 0, 25000000, '2023-02-23', '', N''),
		(1171, '001203027599', N'Loại 5 - VNPost', N'Chuyển khoản', 0, 0, 2250000, '2023-03-29', '', N''),
		(1172, '001203027599', N'Loại 5 - VNPost', N'Tiền mặt', 0, 0, 1500000, '2023-04-10', '', N''),
		(1173, '001203027599', N'Loại 5 - SShip', N'Tiền thẻ', 0, 0, 1590000, '2020-05-11', '', N''),
		(1174, '001203027599', N'Loại 5 - GHN', N'Chuyển khoản', 0, 0, 1220000, '2020-06-12', '', N''),
		(1175, '001203027599', N'Loại 5 - GHN', N'Tiền mặt', 0, 0, 1000000, '2020-07-13', '', N''),
		(1176, '001203027599', N'Loại 5 - Kerry Express', N'Tiền thẻ', 0, 0, 1500000, '2020-08-29', '', N''),
		(1177, '001203027599', N'Loại 5 - Kerry Express', N'Tiền mặt', 0, 0, 3000000, '2020-09-9', '', N''),
		(1178, '001203027599', N'Loại 5 - GHTK', N'Chuyển khoản', 0, 0, 4000000, '2020-10-10', '', N''),
		(1179, '001203027599', N'Loại 5 - GHTK', N'Chuyển khoản', 0, 0, 4000000, '2020-11-10', '', N''),
		(1180, '001203027599', N'Loại 5 - GHTK', N'Chuyển khoản', 0, 0, 4000000, '2020-12-10', '', N''),

		(1181, '001203027599', N'Loại 6 - NCC001', N'Chuyển khoản', 0, 0, 122000, '2021-01-10', '', N''),
		(1182, '001203027599', N'Loại 6 - NCC002', N'Tiền mặt', 0, 0, 200000, '2021-02-23', '', N''),
		(1183, '001203027599', N'Loại 6 - NCC003', N'Chuyển khoản', 0, 0, 250000, '2021-03-29', '', N''),
		(1184, '001203027599', N'Loại 6 - NCC004', N'Tiền mặt', 0, 0, 130000, '2021-04-12', '', N''),
		(1185, '001203027599', N'Loại 6 - NCC005', N'Tiền mặt', 0, 0, 190000, '2021-05-03', '', N''),
		(1186, '001203027599', N'Loại 6 - NCC001', N'Tiền thẻ', 0, 0, 210000, '2021-06-24', '', N''),
		(1187, '001203027599', N'Loại 6 - NCC002', N'Tiền thẻ', 0, 0, 220000, '2021-07-25', '', N''),
		(1188, '001203027599', N'Loại 6 - NCC003', N'Chuyển khoản', 0, 0, 180000, '2021-08-26', '', N''),
		(1189, '001203027599', N'Loại 6 - NCC004', N'Tiền mặt', 0, 0, 230000, '2021-09-01', '', N''),
		(1190, '001203027599', N'Loại 6 - NCC005', N'Tiền thẻ', 0, 0, 110000, '2021-10-03', '', N''),
		(1191, '001203027599', N'Loại 6 - NCC005', N'Tiền thẻ', 0, 0, 110000, '2021-11-03', '', N''),
		(1192, '001203027599', N'Loại 6 - NCC005', N'Tiền thẻ', 0, 0, 110000, '2021-12-03', '', N''),
		(1193, '001203027599', N'Loại 6 - NCC001', N'Chuyển khoản', 0, 0, 122000, '2022-01-10', '', N''),
		(1194, '001203027599', N'Loại 6 - NCC002', N'Tiền mặt', 0, 0, 200000, '2022-02-23', '', N''),
		(1195, '001203027599', N'Loại 6 - NCC003', N'Chuyển khoản', 0, 0, 250000, '2022-03-29', '', N''),
		(1196, '001203027599', N'Loại 6 - NCC004', N'Tiền mặt', 0, 0, 130000, '2022-04-12', '', N''),
		(1197, '001203027599', N'Loại 6 - NCC005', N'Tiền mặt', 0, 0, 190000, '2022-05-03', '', N''),
		(1198, '001203027599', N'Loại 6 - NCC001', N'Tiền thẻ', 0, 0, 210000, '2022-06-24', '', N''),
		(1199, '001203027599', N'Loại 6 - NCC002', N'Tiền thẻ', 0, 0, 220000, '2022-07-25', '', N''),
		(1200, '001203027599', N'Loại 6 - NCC003', N'Chuyển khoản', 0, 0, 180000, '2022-08-26', '', N''),
		(1201, '001203027599', N'Loại 6 - NCC004', N'Tiền mặt', 0, 0, 230000, '2022-09-01', '', N''),
		(1202, '001203027599', N'Loại 6 - NCC005', N'Tiền thẻ', 0, 0, 110000, '2022-10-03', '', N''),
		(1203, '001203027599', N'Loại 6 - NCC005', N'Tiền thẻ', 0, 0, 110000, '2022-11-03', '', N''),
		(1204, '001203027599', N'Loại 6 - NCC005', N'Tiền thẻ', 0, 0, 110000, '2022-12-03', '', N''),
		(1205, '001203027599', N'Loại 6 - NCC001', N'Chuyển khoản', 0, 0, 122000, '2023-01-10', '', N''),
		(1206, '001203027599', N'Loại 6 - NCC002', N'Tiền mặt', 0, 0, 200000, '2023-02-23', '', N''),
		(1207, '001203027599', N'Loại 6 - NCC003', N'Chuyển khoản', 0, 0, 250000, '2023-03-29', '', N''),
		(1208, '001203027599', N'Loại 6 - NCC004', N'Tiền mặt', 0, 0, 130000, '2023-04-12', '', N''),
		(1209, '001203027599', N'Loại 6 - NCC005', N'Tiền mặt', 0, 0, 190000, '2020-05-03', '', N''),
		(1210, '001203027599', N'Loại 6 - NCC001', N'Tiền thẻ', 0, 0, 210000, '2020-06-24', '', N''),
		(1211, '001203027599', N'Loại 6 - NCC002', N'Tiền thẻ', 0, 0, 220000, '2020-07-25', '', N''),
		(1212, '001203027599', N'Loại 6 - NCC003', N'Chuyển khoản', 0, 0, 180000, '2020-08-26', '', N''),
		(1213, '001203027599', N'Loại 6 - NCC004', N'Tiền mặt', 0, 0, 230000, '2020-09-01', '', N''),
		(1214, '001203027599', N'Loại 6 - NCC005', N'Tiền thẻ', 0, 0, 110000, '2020-10-03', '', N''),
		(1215, '001203027599', N'Loại 6 - NCC005', N'Tiền thẻ', 0, 0, 110000, '2020-11-03', '', N''),
		(1216, '001203027599', N'Loại 6 - NCC005', N'Tiền thẻ', 0, 0, 110000, '2020-12-03', '', N''),

		(1217, '001203027599', N'Loại 7 - Lazada', N'', 11199000, 0, 0, '2021-01-16', '', N''),
		(1218, '001203027599', N'Loại 7 - Sendo', N'', 12399000, 0, 0, '2021-02-18', '', N''),
		(1219, '001203027599', N'Loại 7 - Shoppe', N'', 12299000, 0, 0, '2021-03-09', '', N''),
		(1220, '001203027599', N'Loại 7 - TiktokShop', N'', 11199000, 0, 0, '2021-04-12', '', N''),
		(1221, '001203027599', N'Loại 7 - Lazada', N'', 13300000, 0, 0, '2021-05-05', '', N''),
		(1222, '001203027599', N'Loại 7 - Sendo', N'', 11000000, 0, 0, '2021-06-21', '', N''),
		(1223, '001203027599', N'Loại 7 - Shoppe', N'', 15990000, 0, 0, '2021-07-15', '', N''),
		(1224, '001203027599', N'Loại 7 - TiktokShop', N'', 7990000, 0, 0, '2021-08-16', '', N''),
		(1225, '001203027599', N'Loại 7 - Lazada', N'', 8990000, 0, 0, '2021-09-11', '', N''),
		(1226, '001203027599', N'Loại 7 - Sendo', N'', 13990000, 0, 0, '2021-10-13', '', N''),
		(1227, '001203027599', N'Loại 7 - Sendo', N'', 13990000, 0, 0, '2021-11-13', '', N''),
		(1228, '001203027599', N'Loại 7 - Sendo', N'', 13990000, 0, 0, '2021-12-13', '', N''),
		(1229, '001203027599', N'Loại 7 - Lazada', N'', 8990000, 0, 0, '2022-01-10', '', N''),
		(1230, '001203027599', N'Loại 7 - Sendo', N'', 14900000, 0, 0, '2022-02-23', '', N''),
		(1231, '001203027599', N'Loại 7 - Shoppe', N'', 15990000, 0, 0, '2022-03-29', '', N''),	
		(1232, '001203027599', N'Loại 7 - TiktokShop', N'', 6990000, 0, 0, '2022-04-12', '', N''),
		(1233, '001203027599', N'Loại 7 - Lazada', N'', 11000000, 0, 0, '2022-05-03', '', N''),
		(1234, '001203027599', N'Loại 7 - Sendo', N'', 12000000, 0, 0, '2022-06-24', '', N''),
		(1235, '001203027599', N'Loại 7 - Shoppe', N'', 15990000, 0, 0, '2022-07-25', '', N''),
		(1236, '001203027599', N'Loại 7 - TiktokShop', N'', 7990000, 0, 0, '2022-08-26', '', N''),
		(1237, '001203027599', N'Loại 7 - Lazada', N'', 8990000, 0, 0, '2022-09-01', '', N''),
		(1238, '001203027599', N'Loại 7 - Sendo', N'', 13990000, 0, 0, '2022-10-03', '', N''),
		(1239, '001203027599', N'Loại 7 - Sendo', N'', 13990000, 0, 0, '2022-11-03', '', N''),
		(1240, '001203027599', N'Loại 7 - Sendo', N'', 13990000, 0, 0, '2022-12-03', '', N''),
		(1241, '001203027599', N'Loại 7 - Shoppe', N'', 11899000, 0, 0, '2023-01-22', '', N''),
		(1242, '001203027599', N'Loại 7 - TiktokShop', N'', 11990000, 0, 0, '2023-02-12', '', N''),
		(1243, '001203027599', N'Loại 7 - Lazada', N'', 12990000, 0, 0, '2023-03-22', '', N''),
		(1244, '001203027599', N'Loại 7 - Sendo', N'', 13990000, 0, 0, '2023-04-22', '', N''),
		(1245, '001203027599', N'Loại 7 - Shoppe', N'', 13000000, 0, 0, '2020-05-13', '', N''),
		(1246, '001203027599', N'Loại 7 - TiktokShop', N'', 14000000, 0, 0, '2020-06-21', '', N''),
		(1247, '001203027599', N'Loại 7 - Lazada', N'', 15990000, 0, 0, '2020-07-28', '', N''),
		(1248, '001203027599', N'Loại 7 - Sendo', N'', 12990000, 0, 0, '2020-08-29', '', N''),
		(1249, '001203027599', N'Loại 7 - Shoppe', N'', 11990000, 0, 0, '2020-09-02', '', N''),
		(1250, '001203027599', N'Loại 7 - TiktokShop', N'', 12990000, 0, 0, '2020-10-04', '', N''),
		(1251, '001203027599', N'Loại 7 - TiktokShop', N'', 12990000, 0, 0, '2020-11-04', '', N''),
		(1252, '001203027599', N'Loại 7 - TiktokShop', N'', 12990000, 0, 0, '2020-12-04', '', N''),

		(1253, '001203027599', N'Loại 8 - Lazada', N'', 1199000, 0, 0, '2021-01-01', '', N''),
		(1254, '001203027599', N'Loại 8 - Sendo', N'', 2399000, 0, 0, '2021-02-01', '', N''),
		(1255, '001203027599', N'Loại 8 - Shoppe', N'', 2299000, 0, 0, '2021-03-01', '', N''),
		(1256, '001203027599', N'Loại 8 - TiktokShop', N'', 1199000, 0, 0, '2021-04-01', '', N''),
		(1257, '001203027599', N'Loại 8 - Lazada', N'', 3300000, 0, 0, '2021-05-01', '', N''),
		(1258, '001203027599', N'Loại 8 - Sendo', N'', 11000000, 0, 0, '2021-06-01', '', N''),
		(1259, '001203027599', N'Loại 8 - Shoppe', N'', 599000, 0, 0, '2021-07-01', '', N''),
		(1260, '001203027599', N'Loại 8 - TiktokShop', N'', 7990000, 0, 0, '2021-08-01', '', N''),
		(1261, '001203027599', N'Loại 8 - Lazada', N'', 8990000, 0, 0, '2021-09-01', '', N''),
		(1262, '001203027599', N'Loại 8 - Sendo', N'', 3990000, 0, 0, '2021-10-01', '', N''),
		(1263, '001203027599', N'Loại 8 - Sendo', N'', 3990000, 0, 0, '2021-11-01', '', N''),
		(1264, '001203027599', N'Loại 8 - Sendo', N'', 3990000, 0, 0, '2021-12-01', '', N''),
		(1265, '001203027599', N'Loại 8 - Shoppe', N'', 1899000, 0, 0, '2022-01-01', '', N''),
		(1266, '001203027599', N'Loại 8 - TiktokShop', N'', 11990000, 0, 0, '2022-02-01', '', N''),
		(1267, '001203027599', N'Loại 8 - Lazada', N'', 2990000, 0, 0, '2022-03-01', '', N''),
		(1268, '001203027599', N'Loại 8 - Sendo', N'', 3990000, 0, 0, '2022-04-01', '', N''),
		(1269, '001203027599', N'Loại 8 - Shoppe', N'', 3000000, 0, 0, '2022-05-01', '', N''),
		(1270, '001203027599', N'Loại 8 - TiktokShop', N'', 4000000, 0, 0, '2022-06-01', '', N''),
		(1271, '001203027599', N'Loại 8 - Lazada', N'', 5990000, 0, 0, '2022-07-01', '', N''),
		(1272, '001203027599', N'Loại 8 - Sendo', N'', 1299000, 0, 0, '2022-08-01', '', N''),
		(1273, '001203027599', N'Loại 8 - Shoppe', N'', 11990000, 0, 0, '2022-09-01', '', N''),
		(1274, '001203027599', N'Loại 8 - TiktokShop', N'', 2990000, 0, 0, '2022-10-01', '', N''),
		(1275, '001203027599', N'Loại 8 - TiktokShop', N'', 2990000, 0, 0, '2022-11-01', '', N''),
		(1276, '001203027599', N'Loại 8 - TiktokShop', N'', 2990000, 0, 0, '2022-12-01', '', N''),
		(1277, '001203027599', N'Loại 8 - Lazada', N'', 3000000, 0, 0, '2023-01-01', '', N''),
		(1278, '001203027599', N'Loại 8 - Sendo', N'', 4990000, 0, 0, '2023-02-01', '', N''),
		(1279, '001203027599', N'Loại 8 - Shoppe', N'', 5990000, 0, 0, '2023-03-01', '', N''),
		(1280, '001203027599', N'Loại 8 - TiktokShop', N'', 6990000, 0, 0, '2023-04-01', '', N''),
		(1281, '001203027599', N'Loại 8 - Lazada', N'', 1000000, 0, 0, '2020-05-01', '', N''),
		(1282, '001203027599', N'Loại 8 - Sendo', N'', 1200000, 0, 0, '2020-06-01', '', N''),
		(1283, '001203027599', N'Loại 8 - Shoppe', N'', 5990000, 0, 0, '2020-07-01', '', N''),
		(1284, '001203027599', N'Loại 8 - TiktokShop', N'', 7990000, 0, 0, '2020-08-01', '', N''),
		(1285, '001203027599', N'Loại 8 - Lazada', N'', 8990000, 0, 0, '2020-09-01', '', N''),
		(1286, '001203027599', N'Loại 8 - Sendo', N'', 3990000, 0, 0, '2020-10-01', '', N''),
		(1287, '001203027599', N'Loại 8 - Sendo', N'', 3990000, 0, 0, '2020-11-01', '', N''),
		(1288, '001203027599', N'Loại 8 - Sendo', N'', 3990000, 0, 0, '2020-12-01', '', N''),

		(1289, '001203027599', N'Loại 9 - Lazada', N'Chuyển khoản', 0, 0, 2000, '2021-01-01', '', N''),
		(1290, '001203027599', N'Loại 9 - Sendo', N'Tiền mặt', 0, 0, 3000, '2021-02-01', '', N''),
		(1291, '001203027599', N'Loại 9 - Shoppe', N'Chuyển khoản', 0, 0, 9000, '2021-03-01', '', N''),
		(1292, '001203027599', N'Loại 9 - TiktokShop', N'Tiền thẻ', 0, 0, 1500, '2021-04-01', '', N''),
		(1293, '001203027599', N'Loại 9 - Lazada', N'Tiền mặt', 0, 0, 3500, '2021-05-01', '', N''),
		(1294, '001203027599', N'Loại 9 - Sendo', N'Chuyển khoản', 0, 0, 4500, '2021-06-01', '', N''),
		(1295, '001203027599', N'Loại 9 - Shoppe', N'Tiền thẻ', 0, 0, 1200, '2021-07-01', '', N''),
		(1296, '001203027599', N'Loại 9 - TiktokShop', N'Tiền thẻ', 0, 0, 2400, '2021-08-01', '', N''),
		(1297, '001203027599', N'Loại 9 - Lazada', N'Tiền mặt', 0, 0, 1150, '2021-09-01', '', N''),
		(1298, '001203027599', N'Loại 9 - Sendo', N'Chuyển khoản', 0, 0, 7500, '2021-10-01', '', N''),
		(1299, '001203027599', N'Loại 9 - Sendo', N'Chuyển khoản', 0, 0, 7500, '2021-11-01', '', N''),
		(1300, '001203027599', N'Loại 9 - Sendo', N'Chuyển khoản', 0, 0, 7500, '2021-12-01', '', N''),
		(1301, '001203027599', N'Loại 9 - Lazada', N'Chuyển khoản', 0, 0, 2000, '2022-01-01', '', N''),
		(1302, '001203027599', N'Loại 9 - Sendo', N'Tiền mặt', 0, 0, 3000, '2022-02-01', '', N''),
		(1303, '001203027599', N'Loại 9 - Shoppe', N'Chuyển khoản', 0, 0, 9000, '2022-03-01', '', N''),
		(1304, '001203027599', N'Loại 9 - TiktokShop', N'Tiền thẻ', 0, 0, 1500, '2022-04-01', '', N''),
		(1305, '001203027599', N'Loại 9 - Lazada', N'Tiền mặt', 0, 0, 3500, '2022-05-01', '', N''),
		(1306, '001203027599', N'Loại 9 - Sendo', N'Chuyển khoản', 0, 0, 4500, '2022-06-01', '', N''),
		(1307, '001203027599', N'Loại 9 - Shoppe', N'Tiền thẻ', 0, 0, 1200, '2022-07-01', '', N''),
		(1308, '001203027599', N'Loại 9 - TiktokShop', N'Tiền thẻ', 0, 0, 2400, '2022-08-01', '', N''),
		(1309, '001203027599', N'Loại 9 - Lazada', N'Tiền mặt', 0, 0, 1150, '2022-09-01', '', N''),
		(1310, '001203027599', N'Loại 9 - Sendo', N'Chuyển khoản', 0, 0, 7500, '2022-10-01', '', N''),
		(1311, '001203027599', N'Loại 9 - Sendo', N'Chuyển khoản', 0, 0, 7500, '2022-11-01', '', N''),
		(1312, '001203027599', N'Loại 9 - Sendo', N'Chuyển khoản', 0, 0, 7500, '2022-12-01', '', N''),
		(1313, '001203027599', N'Loại 9 - Lazada', N'Chuyển khoản', 0, 0, 2000, '2023-01-01', '', N''),
		(1314, '001203027599', N'Loại 9 - Sendo', N'Tiền mặt', 0, 0, 3000, '2023-02-01', '', N''),
		(1315, '001203027599', N'Loại 9 - Shoppe', N'Chuyển khoản', 0, 0, 9000, '2023-03-01', '', N''),
		(1316, '001203027599', N'Loại 9 - TiktokShop', N'Tiền thẻ', 0, 0, 1500, '2023-04-01', '', N''),
		(1317, '001203027599', N'Loại 9 - Lazada', N'Tiền mặt', 0, 0, 3500, '2020-05-01', '', N''),
		(1318, '001203027599', N'Loại 9 - Sendo', N'Chuyển khoản', 0, 0, 450, '2020-06-01', '', N''),
		(1319, '001203027599', N'Loại 9 - Shoppe', N'Tiền thẻ', 0, 0, 1200, '2020-07-01', '', N''),
		(1320, '001203027599', N'Loại 9 - TiktokShop', N'Tiền thẻ', 0, 0, 240, '2020-08-01', '', N''),
		(1321, '001203027599', N'Loại 9 - Lazada', N'Tiền mặt', 0, 0, 1150, '2020-09-01', '', N''),
		(1322, '001203027599', N'Loại 9 - Sendo', N'Chuyển khoản', 0, 0, 7500, '2020-10-01', '', N''),
		(1323, '001203027599', N'Loại 9 - Sendo', N'Chuyển khoản', 0, 0, 7500, '2020-11-01', '', N''),
		(1324, '001203027599', N'Loại 9 - Sendo', N'Chuyển khoản', 0, 0, 7500, '2020-12-01', '', N''),

		(1325, '001203027599', N'Loại 10 - Lazada', N'Chuyển khoản', 0, 0, 10000000, '2021-01-01', '', N''),
		(1326, '001203027599', N'Loại 10 - Sendo', N'Tiền mặt', 0, 0, 9000000, '2021-02-01', '', N''),
		(1327, '001203027599', N'Loại 10 - Shoppe', N'Chuyển khoản', 0, 0, 9000000, '2021-03-01', '', N''),
		(1328, '001203027599', N'Loại 10 - TiktokShop', N'Tiền thẻ', 0, 0, 15000000, '2021-04-01', '', N''),
		(1329, '001203027599', N'Loại 10 - Lazada', N'Tiền mặt', 0, 0, 3500000, '2021-05-01', '', N''),
		(1330, '001203027599', N'Loại 10 - Sendo', N'Chuyển khoản', 0, 0, 4500000, '2021-06-01', '', N''),
		(1331, '001203027599', N'Loại 10 - Shoppe', N'Tiền thẻ', 0, 0, 12000000, '2021-07-01', '', N''),
		(1332, '001203027599', N'Loại 10 - TiktokShop', N'Tiền thẻ', 0, 0, 24000000, '2021-08-01', '', N''),
		(1333, '001203027599', N'Loại 10 - Lazada', N'Tiền mặt', 0, 0, 1500000, '2021-09-01', '', N''),
		(1334, '001203027599', N'Loại 10 - Sendo', N'Chuyển khoản', 0, 0, 17050000, '2021-10-01', '', N''),
		(1335, '001203027599', N'Loại 10 - Lazada', N'Tiền mặt', 0, 0, 1150000, '2021-11-01', '', N''),
		(1336, '001203027599', N'Loại 10 - Sendo', N'Chuyển khoản', 0, 0, 17500000, '2021-12-01', '', N''),
		(1337, '001203027599', N'Loại 10 - Lazada', N'Chuyển khoản', 0, 0, 20000000, '2022-01-01', '', N''),
		(1338, '001203027599', N'Loại 10 - Sendo', N'Tiền mặt', 0, 0, 13000000, '2022-02-01', '', N''),
		(1339, '001203027599', N'Loại 10 - Shoppe', N'Chuyển khoản', 0, 0, 9000000, '2022-03-01', '', N''),
		(1340, '001203027599', N'Loại 10 - TiktokShop', N'Tiền thẻ', 0, 0, 1500000, '2022-04-01', '', N''),
		(1341, '001203027599', N'Loại 10 - Lazada', N'Tiền mặt', 0, 0, 3500000, '2022-05-01', '', N''),
		(1342, '001203027599', N'Loại 10 - Sendo', N'Chuyển khoản', 0, 0, 4500000, '2022-06-01', '', N''),
		(1343, '001203027599', N'Loại 10 - Shoppe', N'Tiền thẻ', 0, 0, 1200000, '2022-07-01', '', N''),
		(1344, '001203027599', N'Loại 10 - TiktokShop', N'Tiền thẻ', 0, 0, 2400000, '2022-08-01', '', N''),
		(1345, '001203027599', N'Loại 10 - Lazada', N'Tiền mặt', 0, 0, 11500000, '2022-09-01', '', N''),
		(1346, '001203027599', N'Loại 10 - Sendo', N'Chuyển khoản', 0, 0, 7500000, '2022-10-01', '', N''),
		(1347, '001203027599', N'Loại 10 - Lazada', N'Tiền mặt', 0, 0, 1150000, '2022-11-01', '', N''),
		(1348, '001203027599', N'Loại 10 - Sendo', N'Chuyển khoản', 0, 0, 17500000, '2022-12-01', '', N''),
		(1349, '001203027599', N'Loại 10 - Lazada', N'Chuyển khoản', 0, 0, 1200000, '2023-01-01', '', N''),
		(1350, '001203027599', N'Loại 10 - Sendo', N'Tiền mặt', 0, 0, 1300000, '2023-02-01', '', N''),
		(1351, '001203027599', N'Loại 10 - Shoppe', N'Chuyển khoản', 0, 0, 9000000, '2023-03-01', '', N''),
		(1352, '001203027599', N'Loại 10 - TiktokShop', N'Tiền thẻ', 0, 0, 1500000, '2023-04-01', '', N''),
		(1353, '001203027599', N'Loại 10 - Lazada', N'Tiền mặt', 0, 0, 3500000, '2020-05-01', '', N''),
		(1354, '001203027599', N'Loại 10 - Sendo', N'Chuyển khoản', 0, 0, 4500000, '2020-06-01', '', N''),
		(1355, '001203027599', N'Loại 10 - Shoppe', N'Tiền thẻ', 0, 0, 1200000, '2020-07-01', '', N''),
		(1356, '001203027599', N'Loại 10 - TiktokShop', N'Tiền thẻ', 0, 0, 2400000, '2020-08-01', '', N''),
		(1357, '001203027599', N'Loại 10 - Lazada', N'Tiền mặt', 0, 0, 1150000, '2020-09-01', '', N''),
		(1358, '001203027599', N'Loại 10 - Sendo', N'Chuyển khoản', 0, 0, 7500000, '2020-10-01', '', N''),
		(1359, '001203027599', N'Loại 10 - Lazada', N'Tiền mặt', 0, 0, 1100000, '2020-11-01', '', N''),

		(1360, '001203027599', N'Loại 11 - Tiền nhà', N'Chuyển khoản', 0, 0, 5000000, '2021-01-01', '', N''),
		(1361, '001203027599', N'Loại 11 - Tiền nhà', N'Tiền thẻ', 0, 0, 5000000, '2021-02-01', '', N''),
		(1362, '001203027599', N'Loại 11 - Tiền nhà', N'Tiền thẻ', 0, 0, 5000000, '2021-03-01', '', N''),
		(1363, '001203027599', N'Loại 11 - Tiền nhà', N'Tiền mặt', 0, 0, 5000000, '2021-04-01', '', N''),
		(1364, '001203027599', N'Loại 11 - Tiền nhà', N'Chuyển khoản', 0, 0, 5000000, '2021-05-01', '', N''),
		(1365, '001203027599', N'Loại 11 - Tiền nhà', N'Chuyển khoản', 0, 0, 5000000, '2021-06-01', '', N''),
		(1366, '001203027599', N'Loại 11 - Tiền nhà', N'Tiền thẻ', 0, 0, 5000000, '2021-07-01', '', N''),
		(1367, '001203027599', N'Loại 11 - Tiền nhà', N'Tiền thẻ', 0, 0, 5000000, '2021-08-01', '', N''),
		(1368, '001203027599', N'Loại 11 - Tiền nhà', N'Tiền mặt', 0, 0, 5000000, '2021-09-01', '', N''),
		(1369, '001203027599', N'Loại 11 - Tiền nhà', N'Chuyển khoản', 0, 0, 5000000, '2021-10-01', '', N''),
		(1370, '001203027599', N'Loại 11 - Tiền nhà', N'Chuyển khoản', 0, 0, 5000000, '2021-11-01', '', N''),
		(1371, '001203027599', N'Loại 11 - Tiền nhà', N'Tiền thẻ', 0, 0, 5000000, '2021-12-01', '', N''),
		(1372, '001203027599', N'Loại 11 - Tiền nhà', N'Chuyển khoản', 0, 0, 5000000, '2022-01-01', '', N''),
		(1373, '001203027599', N'Loại 11 - Tiền nhà', N'Tiền thẻ', 0, 0, 5000000, '2022-02-01', '', N''),
		(1374, '001203027599', N'Loại 11 - Tiền nhà', N'Tiền thẻ', 0, 0, 5000000, '2022-03-01', '', N''),
		(1375, '001203027599', N'Loại 11 - Tiền nhà', N'Tiền mặt', 0, 0, 5000000, '2022-04-01', '', N''),
		(1376, '001203027599', N'Loại 11 - Tiền nhà', N'Chuyển khoản', 0, 0, 5000000, '2022-05-01', '', N''),
		(1377, '001203027599', N'Loại 11 - Tiền nhà', N'Chuyển khoản', 0, 0, 5000000, '2022-06-01', '', N''),
		(1378, '001203027599', N'Loại 11 - Tiền nhà', N'Tiền thẻ', 0, 0, 5000000, '2022-07-01', '', N''),
		(1379, '001203027599', N'Loại 11 - Tiền nhà', N'Tiền thẻ', 0, 0, 5000000, '2022-08-01', '', N''),
		(1380, '001203027599', N'Loại 11 - Tiền nhà', N'Tiền mặt', 0, 0, 5000000, '2022-09-01', '', N''),
		(1381, '001203027599', N'Loại 11 - Tiền nhà', N'Chuyển khoản', 0, 0, 5000000, '2022-10-01', '', N''),
		(1382, '001203027599', N'Loại 11 - Tiền nhà', N'Chuyển khoản', 0, 0, 5000000, '2022-11-01', '', N''),
		(1383, '001203027599', N'Loại 11 - Tiền nhà', N'Tiền thẻ', 0, 0, 5000000, '2022-12-01', '', N''),
		(1384, '001203027599', N'Loại 11 - Tiền nhà', N'Chuyển khoản', 0, 0, 5000000, '2023-01-01', '', N''),
		(1385, '001203027599', N'Loại 11 - Tiền nhà', N'Tiền thẻ', 0, 0, 5000000, '2023-02-01', '', N''),
		(1386, '001203027599', N'Loại 11 - Tiền nhà', N'Tiền thẻ', 0, 0, 5000000, '2023-03-01', '', N''),
		(1387, '001203027599', N'Loại 11 - Tiền nhà', N'Tiền mặt', 0, 0, 5000000, '2023-04-01', '', N''),
		(1388, '001203027599', N'Loại 11 - Tiền nhà', N'Chuyển khoản', 0, 0, 5000000, '2020-05-01', '', N''),
		(1389, '001203027599', N'Loại 11 - Tiền nhà', N'Chuyển khoản', 0, 0, 5000000, '2020-06-01', '', N''),
		(1390, '001203027599', N'Loại 11 - Tiền nhà', N'Tiền thẻ', 0, 0, 5000000, '2020-07-01', '', N''),
		(1391, '001203027599', N'Loại 11 - Tiền nhà', N'Tiền thẻ', 0, 0, 5000000, '2020-08-01', '', N''),
		(1392, '001203027599', N'Loại 11 - Tiền nhà', N'Tiền mặt', 0, 0, 5000000, '2020-09-01', '', N''),
		(1393, '001203027599', N'Loại 11 - Tiền nhà', N'Chuyển khoản', 0, 0, 5000000, '2020-10-01', '', N''),
		(1394, '001203027599', N'Loại 11 - Tiền nhà', N'Chuyển khoản', 0, 0, 5000000, '2020-11-01', '', N''),
		(1395, '001203027599', N'Loại 11 - Tiền nhà', N'Tiền thẻ', 0, 0, 5000000, '2020-12-01', '', N''),

		(1396, '001203027599', N'Loại 11 - Tiền điện nước', N'Tiền mặt', 0, 0, 300000, '2021-01-01', '', N''),
		(1397, '001203027599', N'Loại 11 - Tiền điện nước', N'Chuyển khoản', 0, 0, 900000, '2021-02-01', '', N''),
		(1398, '001203027599', N'Loại 11 - Tiền điện nước', N'Tiền thẻ', 0, 0, 150000, '2021-03-01', '', N''),
		(1399, '001203027599', N'Loại 11 - Tiền điện nước', N'Tiền mặt', 0, 0, 300000, '2021-04-01', '', N''),
		(1400, '001203027599', N'Loại 11 - Tiền điện nước', N'Tiền mặt', 0, 0, 350000, '2021-05-01', '', N''),
		(1401, '001203027599', N'Loại 11 - Tiền điện nước', N'Chuyển khoản', 0, 0, 450000, '2021-06-01', '', N''),
		(1402, '001203027599', N'Loại 11 - Tiền điện nước', N'Tiền mặt', 0, 0, 300000, '2021-07-01', '', N''),
		(1403, '001203027599', N'Loại 11 - Tiền điện nước', N'Chuyển khoản', 0, 0, 900000, '2021-08-01', '', N''),
		(1404, '001203027599', N'Loại 11 - Tiền điện nước', N'Tiền thẻ', 0, 0, 150000, '2021-09-01', '', N''),
		(1405, '001203027599', N'Loại 11 - Tiền điện nước', N'Tiền mặt', 0, 0, 300000, '2021-10-01', '', N''),
		(1406, '001203027599', N'Loại 11 - Tiền điện nước', N'Tiền mặt', 0, 0, 350000, '2021-11-01', '', N''),
		(1407, '001203027599', N'Loại 11 - Tiền điện nước', N'Chuyển khoản', 0, 0, 450000, '2021-12-01', '', N''),
		(1408, '001203027599', N'Loại 11 - Tiền điện nước', N'Tiền mặt', 0, 0, 300000, '2022-01-01', '', N''),
		(1409, '001203027599', N'Loại 11 - Tiền điện nước', N'Chuyển khoản', 0, 0, 900000, '2022-02-01', '', N''),
		(1410, '001203027599', N'Loại 11 - Tiền điện nước', N'Tiền thẻ', 0, 0, 150000, '2022-03-01', '', N''),
		(1411, '001203027599', N'Loại 11 - Tiền điện nước', N'Tiền mặt', 0, 0, 300000, '2022-04-01', '', N''),
		(1412, '001203027599', N'Loại 11 - Tiền điện nước', N'Tiền mặt', 0, 0, 350000, '2022-05-01', '', N''),
		(1413, '001203027599', N'Loại 11 - Tiền điện nước', N'Chuyển khoản', 0, 0, 450000, '2022-06-01', '', N''),
		(1414, '001203027599', N'Loại 11 - Tiền điện nước', N'Tiền mặt', 0, 0, 300000, '2022-07-01', '', N''),
		(1415, '001203027599', N'Loại 11 - Tiền điện nước', N'Chuyển khoản', 0, 0, 900000, '2022-08-01', '', N''),
		(1416, '001203027599', N'Loại 11 - Tiền điện nước', N'Tiền thẻ', 0, 0, 150000, '2022-09-01', '', N''),
		(1417, '001203027599', N'Loại 11 - Tiền điện nước', N'Tiền mặt', 0, 0, 300000, '2022-10-01', '', N''),
		(1418, '001203027599', N'Loại 11 - Tiền điện nước', N'Tiền mặt', 0, 0, 350000, '2022-11-01', '', N''),
		(1419, '001203027599', N'Loại 11 - Tiền điện nước', N'Chuyển khoản', 0, 0, 450000, '2022-12-01', '', N''),
		(1420, '001203027599', N'Loại 11 - Tiền điện nước', N'Tiền mặt', 0, 0, 300000, '2023-01-01', '', N''),
		(1421, '001203027599', N'Loại 11 - Tiền điện nước', N'Chuyển khoản', 0, 0, 900000, '2023-02-01', '', N''),
		(1422, '001203027599', N'Loại 11 - Tiền điện nước', N'Tiền thẻ', 0, 0, 150000, '2023-03-01', '', N''),
		(1423, '001203027599', N'Loại 11 - Tiền điện nước', N'Tiền mặt', 0, 0, 300000, '2023-04-01', '', N''),
		(1424, '001203027599', N'Loại 11 - Tiền điện nước', N'Tiền mặt', 0, 0, 350000, '2020-05-01', '', N''),
		(1425, '001203027599', N'Loại 11 - Tiền điện nước', N'Chuyển khoản', 0, 0, 450000, '2020-06-01', '', N''),
		(1426, '001203027599', N'Loại 11 - Tiền điện nước', N'Tiền mặt', 0, 0, 300000, '2020-07-01', '', N''),
		(1427, '001203027599', N'Loại 11 - Tiền điện nước', N'Chuyển khoản', 0, 0, 900000, '2020-08-01', '', N''),
		(1428, '001203027599', N'Loại 11 - Tiền điện nước', N'Tiền thẻ', 0, 0, 150000, '2020-09-01', '', N''),
		(1429, '001203027599', N'Loại 11 - Tiền điện nước', N'Tiền mặt', 0, 0, 300000, '2020-10-01', '', N''),
		(1430, '001203027599', N'Loại 11 - Tiền điện nước', N'Tiền mặt', 0, 0, 350000, '2020-11-01', '', N''),
		(1431, '001203027599', N'Loại 11 - Tiền điện nước', N'Chuyển khoản', 0, 0, 450000, '2020-12-01', '', N''),

		(1432, '001203027599', N'Loại 11 - Tiền sinh hoạt', N'Tiền thẻ', 0, 0, 120000, '2021-01-01', '', N''),
		(1433, '001203027599', N'Loại 11 - Tiền sinh hoạt', N'Tiền thẻ', 0, 0, 240000, '2021-02-01', '', N''),
		(1434, '001203027599', N'Loại 11 - Tiền sinh hoạt', N'Chuyển khoản', 0, 0, 750000, '2021-03-01', '', N''),
		(1435, '001203027599', N'Loại 11 - Tiền sinh hoạt', N'Chuyển khoản', 0, 0, 900000, '2021-04-01', '', N''),
		(1436, '001203027599', N'Loại 11 - Tiền sinh hoạt', N'Tiền thẻ', 0, 0, 120000, '2021-05-01', '', N''),
		(1437, '001203027599', N'Loại 11 - Tiền sinh hoạt', N'Tiền thẻ', 0, 0, 240000, '2021-06-01', '', N''),
		(1438, '001203027599', N'Loại 11 - Tiền sinh hoạt', N'Tiền mặt', 0, 0, 115000, '2021-07-01', '', N''),
		(1439, '001203027599', N'Loại 11 - Tiền sinh hoạt', N'Chuyển khoản', 0, 0, 750000, '2021-08-01', '', N''),
		(1440, '001203027599', N'Loại 11 - Tiền sinh hoạt', N'Chuyển khoản', 0, 0, 900000, '2021-09-01', '', N''),
		(1441, '001203027599', N'Loại 11 - Tiền sinh hoạt', N'Chuyển khoản', 0, 0, 750000, '2021-10-01', '', N''),
		(1442, '001203027599', N'Loại 11 - Tiền sinh hoạt', N'Chuyển khoản', 0, 0, 900000, '2021-11-01', '', N''),
		(1443, '001203027599', N'Loại 11 - Tiền sinh hoạt', N'Chuyển khoản', 0, 0, 900000, '2021-12-01', '', N''),
		(1444, '001203027599', N'Loại 11 - Tiền sinh hoạt', N'Tiền thẻ', 0, 0, 120000, '2022-01-01', '', N''),
		(1445, '001203027599', N'Loại 11 - Tiền sinh hoạt', N'Tiền thẻ', 0, 0, 240000, '2022-02-01', '', N''),
		(1446, '001203027599', N'Loại 11 - Tiền sinh hoạt', N'Chuyển khoản', 0, 0, 750000, '2022-03-01', '', N''),
		(1447, '001203027599', N'Loại 11 - Tiền sinh hoạt', N'Chuyển khoản', 0, 0, 900000, '2022-04-01', '', N''),
		(1448, '001203027599', N'Loại 11 - Tiền sinh hoạt', N'Tiền thẻ', 0, 0, 120000, '2022-05-01', '', N''),
		(1449, '001203027599', N'Loại 11 - Tiền sinh hoạt', N'Tiền thẻ', 0, 0, 240000, '2022-06-01', '', N''),
		(1450, '001203027599', N'Loại 11 - Tiền sinh hoạt', N'Tiền mặt', 0, 0, 1150000, '2022-07-01', '', N''),
		(1451, '001203027599', N'Loại 11 - Tiền sinh hoạt', N'Chuyển khoản', 0, 0, 750000, '2022-08-01', '', N''),
		(1452, '001203027599', N'Loại 11 - Tiền sinh hoạt', N'Chuyển khoản', 0, 0, 900000, '2022-09-01', '', N''),
		(1453, '001203027599', N'Loại 11 - Tiền sinh hoạt', N'Chuyển khoản', 0, 0, 750000, '2022-10-01', '', N''),
		(1454, '001203027599', N'Loại 11 - Tiền sinh hoạt', N'Chuyển khoản', 0, 0, 900000, '2022-11-01', '', N''),
		(1455, '001203027599', N'Loại 11 - Tiền sinh hoạt', N'Chuyển khoản', 0, 0, 900000, '2022-12-01', '', N''),
		(1456, '001203027599', N'Loại 11 - Tiền sinh hoạt', N'Tiền thẻ', 0, 0, 120000, '2023-01-01', '', N''),
		(1457, '001203027599', N'Loại 11 - Tiền sinh hoạt', N'Tiền thẻ', 0, 0, 240000, '2023-02-01', '', N''),
		(1458, '001203027599', N'Loại 11 - Tiền sinh hoạt', N'Chuyển khoản', 0, 0, 750000, '2023-03-01', '', N''),
		(1459, '001203027599', N'Loại 11 - Tiền sinh hoạt', N'Chuyển khoản', 0, 0, 900000, '2023-04-01', '', N''),
		(1460, '001203027599', N'Loại 11 - Tiền sinh hoạt', N'Tiền thẻ', 0, 0, 1200000, '2020-05-01', '', N''),
		(1461, '001203027599', N'Loại 11 - Tiền sinh hoạt', N'Tiền thẻ', 0, 0, 240000, '2020-06-01', '', N''),
		(1462, '001203027599', N'Loại 11 - Tiền sinh hoạt', N'Tiền mặt', 0, 0, 115000, '2020-07-01', '', N''),
		(1463, '001203027599', N'Loại 11 - Tiền sinh hoạt', N'Chuyển khoản', 0, 0, 750000, '2020-08-01', '', N''),
		(1464, '001203027599', N'Loại 11 - Tiền sinh hoạt', N'Chuyển khoản', 0, 0, 900000, '2020-09-01', '', N''),
		(1465, '001203027599', N'Loại 11 - Tiền sinh hoạt', N'Chuyển khoản', 0, 0, 750000, '2020-10-01', '', N''),
		(1466, '001203027599', N'Loại 11 - Tiền sinh hoạt', N'Chuyển khoản', 0, 0, 900000, '2020-11-01', '', N''),
		(1467, '001203027599', N'Loại 11 - Tiền sinh hoạt', N'Chuyển khoản', 0, 0, 900000, '2020-12-01', '', N''),

		(1468, '001203027599', N'Loại 11 - Tiền lương nhân viên', N'Chuyển khoản', 0, 0, 10000000, '2021-01-01', '', N''),
		(1469, '001203027599', N'Loại 11 - Tiền lương nhân viên', N'Tiền mặt', 0, 0, 10000000, '2021-02-01', '', N''),
		(1470, '001203027599', N'Loại 11 - Tiền lương nhân viên', N'Chuyển khoản', 0, 0, 10000000, '2021-03-01', '', N''),
		(1471, '001203027599', N'Loại 11 - Tiền lương nhân viên', N'Tiền thẻ', 0, 0, 10000000, '2021-04-01', '', N''),
		(1472, '001203027599', N'Loại 11 - Tiền lương nhân viên', N'Tiền thẻ', 0, 0, 10000000, '2021-05-01', '', N''),
		(1473, '001203027599', N'Loại 11 - Tiền lương nhân viên', N'Chuyển khoản', 0, 0, 10000000, '2021-05-01', '', N''),
		(1474, '001203027599', N'Loại 11 - Tiền lương nhân viên', N'Tiền mặt', 0, 0, 10000000, '2021-07-01', '', N''),
		(1475, '001203027599', N'Loại 11 - Tiền lương nhân viên', N'Chuyển khoản', 0, 0, 10000000, '2021-08-01', '', N''),
		(1476, '001203027599', N'Loại 11 - Tiền lương nhân viên', N'Tiền thẻ', 0, 0, 10000000, '2021-09-01', '', N''),
		(1477, '001203027599', N'Loại 11 - Tiền lương nhân viên', N'Chuyển khoản', 0, 0, 10000000, '2021-10-01', '', N''),
		(1478, '001203027599', N'Loại 11 - Tiền lương nhân viên', N'Tiền mặt', 0, 0, 10000000, '2021-11-01', '', N''),
		(1479, '001203027599', N'Loại 11 - Tiền lương nhân viên', N'Chuyển khoản', 0, 0, 10000000, '2021-12-01', '', N''),
		(1480, '001203027599', N'Loại 11 - Tiền lương nhân viên', N'Chuyển khoản', 0, 0, 10000000, '2022-01-01', '', N''),
		(1481, '001203027599', N'Loại 11 - Tiền lương nhân viên', N'Tiền mặt', 0, 0, 10000000, '2022-02-01', '', N''),
		(1482, '001203027599', N'Loại 11 - Tiền lương nhân viên', N'Chuyển khoản', 0, 0, 10000000, '2022-03-01', '', N''),
		(1483, '001203027599', N'Loại 11 - Tiền lương nhân viên', N'Tiền thẻ', 0, 0, 10000000, '2022-04-01', '', N''),
		(1484, '001203027599', N'Loại 11 - Tiền lương nhân viên', N'Chuyển khoản', 0, 0, 10000000, '2022-05-01', '', N''),
		(1485, '001203027599', N'Loại 11 - Tiền lương nhân viên', N'Tiền mặt', 0, 0, 10000000, '2022-07-01', '', N''),
		(1486, '001203027599', N'Loại 11 - Tiền lương nhân viên', N'Chuyển khoản', 0, 0, 10000000, '2022-08-01', '', N''),
		(1487, '001203027599', N'Loại 11 - Tiền lương nhân viên', N'Tiền thẻ', 0, 0, 10000000, '2022-09-01', '', N''),
		(1488, '001203027599', N'Loại 11 - Tiền lương nhân viên', N'Chuyển khoản', 0, 0, 10000000, '2022-10-01', '', N''),
		(1489, '001203027599', N'Loại 11 - Tiền lương nhân viên', N'Tiền mặt', 0, 0, 10000000, '2022-11-01', '', N''),
		(1490, '001203027599', N'Loại 11 - Tiền lương nhân viên', N'Chuyển khoản', 0, 0, 10000000, '2022-12-01', '', N''),
		(1491, '001203027599', N'Loại 11 - Tiền lương nhân viên', N'Chuyển khoản', 0, 0, 10000000, '2023-01-01', '', N''),
		(1492, '001203027599', N'Loại 11 - Tiền lương nhân viên', N'Tiền mặt', 0, 0, 10000000, '2023-02-01', '', N''),
		(1493, '001203027599', N'Loại 11 - Tiền lương nhân viên', N'Chuyển khoản', 0, 0, 10000000, '2023-03-01', '', N''),
		(1494, '001203027599', N'Loại 11 - Tiền lương nhân viên', N'Tiền thẻ', 0, 0, 10000000, '2023-04-01', '', N''),
		(1495, '001203027599', N'Loại 11 - Tiền lương nhân viên', N'Tiền thẻ', 0, 0, 10000000, '2020-05-01', '', N''),
		(1496, '001203027599', N'Loại 11 - Tiền lương nhân viên', N'Chuyển khoản', 0, 0, 10000000, '2020-06-01', '', N''),
		(1497, '001203027599', N'Loại 11 - Tiền lương nhân viên', N'Tiền mặt', 0, 0, 10000000, '2020-07-01', '', N''),
		(1498, '001203027599', N'Loại 11 - Tiền lương nhân viên', N'Chuyển khoản', 0, 0, 10000000, '2020-08-01', '', N''),
		(1499, '001203027599', N'Loại 11 - Tiền lương nhân viên', N'Tiền thẻ', 0, 0, 10000000, '2020-09-01', '', N''),
		(1500, '001203027599', N'Loại 11 - Tiền lương nhân viên', N'Chuyển khoản', 0, 0, 10000000, '2020-10-01', '', N''),
		(1501, '001203027599', N'Loại 11 - Tiền lương nhân viên', N'Tiền mặt', 0, 0, 10000000, '2020-11-01', '', N''),
		(1502, '001203027599', N'Loại 11 - Tiền lương nhân viên', N'Chuyển khoản', 0, 0, 10000000, '2020-12-01', '', N''),

		(1503, '001203027599', N'Loại 11 - Tiền bảo trì thiết bị', N'Tiền mặt', 0, 0, 350000, '2021-01-01', '', N''),
		(1504, '001203027599', N'Loại 11 - Tiền bảo trì thiết bị', N'Chuyển khoản', 0, 0, 450000, '2021-02-01', '', N''),
		(1505, '001203027599', N'Loại 11 - Tiền bảo trì thiết bị', N'Tiền thẻ', 0, 0, 120000, '2021-03-01', '', N''),
		(1506, '001203027599', N'Loại 11 - Tiền bảo trì thiết bị', N'Tiền mặt', 0, 0, 350000, '2021-04-01', '', N''),
		(1507, '001203027599', N'Loại 11 - Tiền bảo trì thiết bị', N'Tiền mặt', 0, 0, 350000, '2021-05-01', '', N''),
		(1508, '001203027599', N'Loại 11 - Tiền bảo trì thiết bị', N'Chuyển khoản', 0, 0, 450000, '2021-06-01', '', N''),
		(1509, '001203027599', N'Loại 11 - Tiền bảo trì thiết bị', N'Tiền thẻ', 0, 0, 120000, '2021-07-01', '', N''),
		(1510, '001203027599', N'Loại 11 - Tiền bảo trì thiết bị', N'Tiền mặt', 0, 0, 350000, '2021-08-01', '', N''),
		(1511, '001203027599', N'Loại 11 - Tiền bảo trì thiết bị', N'Chuyển khoản', 0, 0, 450000, '2021-09-01', '', N''),
		(1512, '001203027599', N'Loại 11 - Tiền bảo trì thiết bị', N'Tiền thẻ', 0, 0, 120000, '2021-10-01', '', N''),
		(1513, '001203027599', N'Loại 11 - Tiền bảo trì thiết bị', N'Tiền mặt', 0, 0, 350000, '2021-11-01', '', N''),
		(1514, '001203027599', N'Loại 11 - Tiền bảo trì thiết bị', N'Tiền mặt', 0, 0, 350000, '2021-12-01', '', N''),
		(1515, '001203027599', N'Loại 11 - Tiền bảo trì thiết bị', N'Tiền mặt', 0, 0, 350000, '2022-01-01', '', N''),
		(1516, '001203027599', N'Loại 11 - Tiền bảo trì thiết bị', N'Chuyển khoản', 0, 0, 450000, '2022-02-01', '', N''),
		(1517, '001203027599', N'Loại 11 - Tiền bảo trì thiết bị', N'Tiền thẻ', 0, 0, 120000, '2022-03-01', '', N''),
		(1518, '001203027599', N'Loại 11 - Tiền bảo trì thiết bị', N'Tiền mặt', 0, 0, 350000, '2022-04-01', '', N''),
		(1519, '001203027599', N'Loại 11 - Tiền bảo trì thiết bị', N'Tiền mặt', 0, 0, 350000, '2022-05-01', '', N''),
		(1520, '001203027599', N'Loại 11 - Tiền bảo trì thiết bị', N'Chuyển khoản', 0, 0, 450000, '2022-06-01', '', N''),
		(1521, '001203027599', N'Loại 11 - Tiền bảo trì thiết bị', N'Tiền thẻ', 0, 0, 120000, '2022-07-01', '', N''),
		(1522, '001203027599', N'Loại 11 - Tiền bảo trì thiết bị', N'Tiền mặt', 0, 0, 350000, '2022-08-01', '', N''),
		(1523, '001203027599', N'Loại 11 - Tiền bảo trì thiết bị', N'Chuyển khoản', 0, 0, 450000, '2022-09-01', '', N''),
		(1524, '001203027599', N'Loại 11 - Tiền bảo trì thiết bị', N'Tiền thẻ', 0, 0, 120000, '2022-10-01', '', N''),
		(1525, '001203027599', N'Loại 11 - Tiền bảo trì thiết bị', N'Tiền mặt', 0, 0, 350000, '2022-11-01', '', N''),
		(1526, '001203027599', N'Loại 11 - Tiền bảo trì thiết bị', N'Tiền mặt', 0, 0, 350000, '2022-12-01', '', N''),
		(1527, '001203027599', N'Loại 11 - Tiền bảo trì thiết bị', N'Tiền mặt', 0, 0, 350000, '2023-01-01', '', N''),
		(1528, '001203027599', N'Loại 11 - Tiền bảo trì thiết bị', N'Chuyển khoản', 0, 0, 450000, '2023-02-01', '', N''),
		(1529, '001203027599', N'Loại 11 - Tiền bảo trì thiết bị', N'Tiền thẻ', 0, 0, 120000, '2023-03-01', '', N''),
		(1530, '001203027599', N'Loại 11 - Tiền bảo trì thiết bị', N'Tiền mặt', 0, 0, 350000, '2023-04-01', '', N''),
		(1531, '001203027599', N'Loại 11 - Tiền bảo trì thiết bị', N'Tiền mặt', 0, 0, 350000, '2020-05-01', '', N''),
		(1532, '001203027599', N'Loại 11 - Tiền bảo trì thiết bị', N'Chuyển khoản', 0, 0, 450000, '2020-06-01', '', N''),
		(1533, '001203027599', N'Loại 11 - Tiền bảo trì thiết bị', N'Tiền thẻ', 0, 0, 120000, '2020-07-01', '', N''),
		(1534, '001203027599', N'Loại 11 - Tiền bảo trì thiết bị', N'Tiền mặt', 0, 0, 350000, '2020-08-01', '', N''),
		(1535, '001203027599', N'Loại 11 - Tiền bảo trì thiết bị', N'Chuyển khoản', 0, 0, 450000, '2020-09-01', '', N''),
		(1536, '001203027599', N'Loại 11 - Tiền bảo trì thiết bị', N'Tiền thẻ', 0, 0, 120000, '2020-10-01', '', N''),
		(1537, '001203027599', N'Loại 11 - Tiền bảo trì thiết bị', N'Tiền mặt', 0, 0, 350000, '2020-11-01', '', N''),
		(1538, '001203027599', N'Loại 11 - Tiền bảo trì thiết bị', N'Tiền mặt', 0, 0, 350000, '2020-12-01', '', N''),

		(1539, '001203027599', N'Loại 11 - Chi phí phát sinh', N'Tiền mặt', 0, 0, 115000, '2021-01-01', '', N''),
		(1540, '001203027599', N'Loại 11 - Chi phí phát sinh', N'Chuyển khoản', 0, 0, 450000, '2021-02-01', '', N''),
		(1541, '001203027599', N'Loại 11 - Chi phí phát sinh', N'Chuyển khoản', 0, 0, 750000, '2021-03-01', '', N''),
		(1542, '001203027599', N'Loại 11 - Chi phí phát sinh', N'Tiền mặt', 0, 0, 115000, '2021-04-01', '', N''),
		(1543, '001203027599', N'Loại 11 - Chi phí phát sinh', N'Chuyển khoản', 0, 0, 450000, '2021-05-01', '', N''),
		(1544, '001203027599', N'Loại 11 - Chi phí phát sinh', N'Tiền mặt', 0, 0, 115000, '2021-06-01', '', N''),
		(1545, '001203027599', N'Loại 11 - Chi phí phát sinh', N'Chuyển khoản', 0, 0, 450000, '2021-07-01', '', N''),
		(1546, '001203027599', N'Loại 11 - Chi phí phát sinh', N'Tiền mặt', 0, 0, 115000, '2021-08-01', '', N''),
		(1547, '001203027599', N'Loại 11 - Chi phí phát sinh', N'Chuyển khoản', 0, 0, 450000, '2021-09-01', '', N''),
		(1548, '001203027599', N'Loại 11 - Chi phí phát sinh', N'Chuyển khoản', 0, 0, 750000, '2021-10-01', '', N''),
		(1549, '001203027599', N'Loại 11 - Chi phí phát sinh', N'Chuyển khoản', 0, 0, 750000, '2021-11-01', '', N''),
		(1550, '001203027599', N'Loại 11 - Chi phí phát sinh', N'Chuyển khoản', 0, 0, 750000, '2021-12-01', '', N''),
		(1551, '001203027599', N'Loại 11 - Chi phí phát sinh', N'Tiền mặt', 0, 0, 115000, '2022-01-01', '', N''),
		(1552, '001203027599', N'Loại 11 - Chi phí phát sinh', N'Chuyển khoản', 0, 0, 450000, '2022-02-01', '', N''),
		(1553, '001203027599', N'Loại 11 - Chi phí phát sinh', N'Chuyển khoản', 0, 0, 750000, '2022-03-01', '', N''),
		(1554, '001203027599', N'Loại 11 - Chi phí phát sinh', N'Tiền mặt', 0, 0, 115000, '2022-04-01', '', N''),
		(1555, '001203027599', N'Loại 11 - Chi phí phát sinh', N'Chuyển khoản', 0, 0, 450000, '2022-05-01', '', N''),
		(1556, '001203027599', N'Loại 11 - Chi phí phát sinh', N'Tiền mặt', 0, 0, 115000, '2022-06-01', '', N''),
		(1557, '001203027599', N'Loại 11 - Chi phí phát sinh', N'Chuyển khoản', 0, 0, 450000, '2022-07-01', '', N''),
		(1558, '001203027599', N'Loại 11 - Chi phí phát sinh', N'Tiền mặt', 0, 0, 115000, '2022-08-01', '', N''),
		(1559, '001203027599', N'Loại 11 - Chi phí phát sinh', N'Chuyển khoản', 0, 0, 450000, '2022-09-01', '', N''),
		(1560, '001203027599', N'Loại 11 - Chi phí phát sinh', N'Chuyển khoản', 0, 0, 750000, '2022-10-01', '', N''),
		(1561, '001203027599', N'Loại 11 - Chi phí phát sinh', N'Chuyển khoản', 0, 0, 750000, '2022-11-01', '', N''),
		(1562, '001203027599', N'Loại 11 - Chi phí phát sinh', N'Chuyển khoản', 0, 0, 750000, '2022-12-01', '', N''),
		(1563, '001203027599', N'Loại 11 - Chi phí phát sinh', N'Tiền mặt', 0, 0, 115000, '2023-01-01', '', N''),
		(1564, '001203027599', N'Loại 11 - Chi phí phát sinh', N'Chuyển khoản', 0, 0, 450000, '2023-02-01', '', N''),
		(1565, '001203027599', N'Loại 11 - Chi phí phát sinh', N'Chuyển khoản', 0, 0, 750000, '2023-03-01', '', N''),
		(1566, '001203027599', N'Loại 11 - Chi phí phát sinh', N'Tiền mặt', 0, 0, 115000, '2023-04-01', '', N''),
		(1567, '001203027599', N'Loại 11 - Chi phí phát sinh', N'Chuyển khoản', 0, 0, 450000, '2020-05-01', '', N''),
		(1568, '001203027599', N'Loại 11 - Chi phí phát sinh', N'Tiền mặt', 0, 0, 115000, '2020-06-01', '', N''),
		(1569, '001203027599', N'Loại 11 - Chi phí phát sinh', N'Chuyển khoản', 0, 0, 450000, '2020-07-01', '', N''),
		(1570, '001203027599', N'Loại 11 - Chi phí phát sinh', N'Tiền mặt', 0, 0, 115000, '2020-08-01', '', N''),
		(1571, '001203027599', N'Loại 11 - Chi phí phát sinh', N'Chuyển khoản', 0, 0, 450000, '2020-09-01', '', N''),
		(1572, '001203027599', N'Loại 11 - Chi phí phát sinh', N'Chuyển khoản', 0, 0, 750000, '2020-10-01', '', N''),
		(1573, '001203027599', N'Loại 11 - Chi phí phát sinh', N'Chuyển khoản', 0, 0, 750000, '2020-11-01', '', N''),
		(1574, '001203027599', N'Loại 11 - Chi phí phát sinh', N'Chuyển khoản', 0, 0, 750000, '2020-12-01', '', N''),

		(1575, '001203027599', N'Loại 2 - GHN', N'Chuyển khoản', 13990000, 500000, 0, '2021-01-01', 'No', N'Cửa hàng'),
		(1576, '001203027599', N'Loại 2 - GHTK', N'Chuyển khoản', 5990000, 500000, 0, '2021-02-01', 'No', N'Cửa hàng'),
		(1577, '001203027599', N'Loại 2 - Kerry Express', N'Chuyển khoản', 6990000, 500000, 0, '2021-03-01', 'No', N'Cửa hàng'),
		(1578, '001203027599', N'Loại 2 - Kerry Express', N'Chuyển khoản', 12990000, 500000, 0, '2021-04-30', 'No', N'Cửa hàng'),
		(1579, '001203027599', N'Loại 2 - GHN', N'Chuyển khoản', 8990000, 500000, 0, '2021-05-14', 'No', N'Cửa hàng'),
		(1580, '001203027599', N'Loại 2 - SShip', N'Chuyển khoản', 7990000, 500000, 0, '2021-06-15', 'No', N'Cửa hàng'),
		(1582, '001203027599', N'Loại 2 - VNPost', N'Chuyển khoản', 12990000, 500000, 0, '2021-07-14', 'No', N'Cửa hàng'),
		(1583, '001203027599', N'Loại 2 - VNPost', N'Chuyển khoản', 13990000, 500000, 0, '2021-08-14', 'No', N'Cửa hàng'),
		(1584, '001203027599', N'Loại 2 - Viettel Post', N'Chuyển khoản', 11990000, 5000000, 0, '2021-09-14', 'No', N'Cửa hàng'),
		(1585, '001203027599', N'Loại 2 - Viettel Post', N'Chuyển khoản', 11990000, 500000, 0, '2021-10-14', 'No', N'Cửa hàng'),
		(1586, '001203027599', N'Loại 2 - Viettel Post', N'Chuyển khoản', 11990000, 500000, 0, '2021-11-14', 'No', N'Cửa hàng'),
		(1587, '001203027599', N'Loại 2 - Viettel Post', N'Chuyển khoản', 11990000, 2200000, 0, '2021-12-14', 'No', N'Cửa hàng'),
		(1588, '001203027599', N'Loại 2 - GHTK', N'Chuyển khoản', 5990000, 500000, 0, '2021-02-14', 'No', N'Cửa hàng'),
		(1589, '001203027599', N'Loại 2 - Kerry Express', N'Chuyển khoản', 6990000, 500000, 0, '2021-03-14', 'No', N'Cửa hàng'),
		(1590, '001203027599', N'Loại 2 - Kerry Express', N'Chuyển khoản', 12990000, 500000, 0, '2021-04-14', 'No', N'Cửa hàng'),
		(1591, '001203027599', N'Loại 2 - GHN', N'Chuyển khoản', 8990000, 50000, 0, '2021-05-15', 'No', N'Cửa hàng'),
		(1592, '001203027599', N'Loại 2 - SShip', N'Chuyển khoản', 7990000, 500000, 0, '2021-06-12', 'No', N'Cửa hàng'),
		(1593, '001203027599', N'Loại 2 - VNPost', N'Chuyển khoản', 12990000, 500000, 0, '2021-07-15', 'No', N'Cửa hàng'),
		(1594, '001203027599', N'Loại 2 - VNPost', N'Chuyển khoản', 13990000, 500000, 0, '2021-08-15', 'No', N'Cửa hàng'),
		(1595, '001203027599', N'Loại 2 - Viettel Post', N'Chuyển khoản', 11990000, 500000, 0, '2021-09-17', 'No', N'Cửa hàng'),
		(1596, '001203027599', N'Loại 2 - Viettel Post', N'Chuyển khoản', 11990000, 500000, 0, '2021-10-18', 'No', N'Cửa hàng'),
		(1597, '001203027599', N'Loại 2 - Viettel Post', N'Chuyển khoản', 11990000, 500000, 0, '2021-11-19', 'No', N'Cửa hàng'),
		(1598, '001203027599', N'Loại 2 - Viettel Post', N'Chuyển khoản', 11990000, 220000, 0, '2021-12-20', 'No', N'Cửa hàng'),
		(1599, '001203027599', N'Loại 2 - GHTK', N'Chuyển khoản', 5990000, 500000, 0, '2021-02-11', 'No', N'Cửa hàng'),
		(1600, '001203027599', N'Loại 2 - Kerry Express', N'Chuyển khoản', 6990000, 500000, 0, '2021-03-15', 'No', N'Cửa hàng'),
		(1601, '001203027599', N'Loại 2 - Kerry Express', N'Chuyển khoản', 12990000, 500000, 0, '2021-04-17', 'No', N'Cửa hàng'),
		(1602, '001203027599', N'Loại 2 - GHN', N'Chuyển khoản', 8990000, 500000, 0, '2021-05-18', 'No', N'Cửa hàng'),
		(1603, '001203027599', N'Loại 2 - SShip', N'Chuyển khoản', 7990000, 500000, 0, '2021-06-19', 'No', N'Cửa hàng'),
		(1604, '001203027599', N'Loại 2 - VNPost', N'Chuyển khoản', 12990000, 500000, 0, '2021-07-21', 'No', N'Cửa hàng'),
		(1605, '001203027599', N'Loại 2 - VNPost', N'Chuyển khoản', 13990000, 500000, 0, '2021-08-22', 'No', N'Cửa hàng'),
		(1606, '001203027599', N'Loại 2 - Viettel Post', N'Chuyển khoản', 11990000, 500000, 0, '2021-09-12', 'No', N'Cửa hàng'),
		(1607, '001203027599', N'Loại 2 - Viettel Post', N'Chuyển khoản', 11990000, 500000, 0, '2021-10-11', 'No', N'Cửa hàng'),
		(1608, '001203027599', N'Loại 2 - Viettel Post', N'Chuyển khoản', 11990000, 500000, 0, '2021-11-10', 'No', N'Cửa hàng'),
		(1609, '001203027599', N'Loại 2 - Viettel Post', N'Chuyển khoản', 11990000, 220000, 0, '2021-12-09', 'No', N'Cửa hàng'),
		(1610, '001203027599', N'Loại 2 - GHTK', N'Chuyển khoản', 5990000, 500000, 0, '2021-02-23', 'No', N'Cửa hàng'),
		(1611, '001203027599', N'Loại 2 - Kerry Express', N'Chuyển khoản', 6990000, 500000, 0, '2021-03-27', 'No', N'Cửa hàng'),
		(1612, '001203027599', N'Loại 2 - Kerry Express', N'Chuyển khoản', 12990000, 500000, 0, '2021-04-29', 'No', N'Cửa hàng'),
		(1613, '001203027599', N'Loại 2 - GHN', N'Chuyển khoản', 8990000, 500000, 0, '2021-05-20', 'No', N'Cửa hàng'),
		(1614, '001203027599', N'Loại 2 - SShip', N'Chuyển khoản', 7990000, 500000, 0, '2021-06-24', 'No', N'Cửa hàng'),
		(1615, '001203027599', N'Loại 2 - VNPost', N'Chuyển khoản', 12990000, 500000, 0, '2021-07-23', 'No', N'Cửa hàng'),
		(1616, '001203027599', N'Loại 2 - VNPost', N'Chuyển khoản', 13990000, 500000, 0, '2021-08-10', 'No', N'Cửa hàng'),
		(1617, '001203027599', N'Loại 2 - Viettel Post', N'Chuyển khoản', 11990000, 500000, 0, '2021-09-01', 'No', N'Cửa hàng'),
		(1618, '001203027599', N'Loại 2 - Viettel Post', N'Chuyển khoản', 11990000, 500000, 0, '2021-10-02', 'No', N'Cửa hàng'),
		(1619, '001203027599', N'Loại 2 - Viettel Post', N'Chuyển khoản', 11990000, 500000, 0, '2021-11-03', 'No', N'Cửa hàng'),
		(1620, '001203027599', N'Loại 2 - Viettel Post', N'Chuyển khoản', 11990000, 220000, 0, '2021-12-04', 'No', N'Cửa hàng'),
		(1621, '001203027599', N'Loại 2 - GHTK', N'Chuyển khoản', 5990000, 500000, 0, '2021-02-17', 'No', N'Cửa hàng'),
		(1622, '001203027599', N'Loại 2 - Kerry Express', N'Chuyển khoản', 6990000, 500000, 0, '2021-03-21', 'No', N'Cửa hàng'),
		(1623, '001203027599', N'Loại 2 - Kerry Express', N'Chuyển khoản', 12990000, 500000, 0, '2021-04-24', 'No', N'Cửa hàng'),
		(1624, '001203027599', N'Loại 2 - GHN', N'Chuyển khoản', 8990000, 500000, 0, '2021-05-25', 'No', N'Cửa hàng'),
		(1625, '001203027599', N'Loại 2 - SShip', N'Chuyển khoản', 7990000, 500000, 0, '2021-06-26', 'No', N'Cửa hàng'),
		(1626, '001203027599', N'Loại 2 - VNPost', N'Chuyển khoản', 12990000, 500000, 0, '2021-07-27', 'No', N'Cửa hàng'),
		(1627, '001203027599', N'Loại 2 - VNPost', N'Chuyển khoản', 13990000, 500000, 0, '2021-08-29', 'No', N'Cửa hàng'),
		(1628, '001203027599', N'Loại 2 - Viettel Post', N'Chuyển khoản', 11990000, 500000, 0, '2021-09-30', 'No', N'Cửa hàng'),
		(1629, '001203027599', N'Loại 2 - Viettel Post', N'Chuyển khoản', 11990000, 5000000, 0, '2021-10-11', 'No', N'Cửa hàng'),
		(1630, '001203027599', N'Loại 2 - Viettel Post', N'Chuyển khoản', 11990000, 5000000, 0, '2021-11-16', 'No', N'Cửa hàng'),
		(1631, '001203027599', N'Loại 2 - Viettel Post', N'Chuyển khoản', 11990000, 2200000, 0, '2021-12-13', 'No', N'Cửa hàng'),

		(1632, '001203027599', N'Loại 2 - GHTK', N'Chuyển khoản', 15990000, 0, 0, '2023-02-21', 'Yes', N'Cửa hàng'),
		(1633, '001203027599', N'Loại 2 - Kerry Express', N'Chuyển khoản', 1699000, 0, 0, '2023-03-21', 'Yes', N'Cửa hàng'),
		(1634, '001203027599', N'Loại 2 - Kerry Express', N'Chuyển khoản', 1299000, 0, 0, '2023-04-26', 'Yes', N'Cửa hàng'),
		(1635, '001203027599', N'Loại 2 - GHN', N'Chuyển khoản', 8990000, 0, 0, '2020-05-24', 'Yes', N'Cửa hàng'),
		(1636, '001203027599', N'Loại 2 - SShip', N'Chuyển khoản', 7990000, 0, 0, '2020-06-24', 'Yes', N'Cửa hàng'),
		(1637, '001203027599', N'Loại 2 - VNPost', N'Chuyển khoản', 12990000, 0, 0, '2020-07-24', 'Yes', N'Cửa hàng'),
		(1638, '001203027599', N'Loại 2 - VNPost', N'Chuyển khoản', 13990000, 0, 0, '2020-08-24', 'Yes', N'Cửa hàng'),
		(1639, '001203027599', N'Loại 2 - Viettel Post', N'Chuyển khoản', 11990000, 0, 0, '2020-09-24', 'Yes', N'Cửa hàng'),
		(1640, '001203027599', N'Loại 2 - Viettel Post', N'Chuyển khoản', 11990000, 0, 0, '2020-10-24', 'Yes', N'Cửa hàng'),
		(1641, '001203027599', N'Loại 2 - Viettel Post', N'Chuyển khoản', 11990000, 0, 0, '2020-11-24', 'Yes', N'Cửa hàng'),
		(1642, '001203027599', N'Loại 2 - Viettel Post', N'Chuyển khoản', 11990000, 0, 0, '2020-12-24', 'Yes', N'Cửa hàng'),
		(1643, '001203027599', N'Loại 2 - GHTK', N'Chuyển khoản', 15990000, 0, 0, '2023-02-24', 'Yes', N'Cửa hàng'),
		(1644, '001203027599', N'Loại 2 - Kerry Express', N'Chuyển khoản', 1699000, 0, 0, '2023-03-24', 'Yes', N'Cửa hàng'),
		(1645, '001203027599', N'Loại 2 - Kerry Express', N'Chuyển khoản', 1299000, 0, 0, '2023-04-24', 'Yes', N'Cửa hàng'),
		(1646, '001203027599', N'Loại 2 - GHN', N'Chuyển khoản', 8990000, 0, 0, '2020-05-25', 'Yes', N'Cửa hàng'),
		(1647, '001203027599', N'Loại 2 - SShip', N'Chuyển khoản', 7990000, 0, 0, '2020-06-25', 'Yes', N'Cửa hàng'),
		(1648, '001203027599', N'Loại 2 - VNPost', N'Chuyển khoản', 12990000, 0, 0, '2020-07-25', 'Yes', N'Cửa hàng'),
		(1649, '001203027599', N'Loại 2 - VNPost', N'Chuyển khoản', 13990000, 0, 0, '2020-08-25', 'Yes', N'Cửa hàng'),
		(1650, '001203027599', N'Loại 2 - Viettel Post', N'Chuyển khoản', 11990000, 0, 0, '2020-09-25', 'Yes', N'Cửa hàng'),
		(1651, '001203027599', N'Loại 2 - Viettel Post', N'Chuyển khoản', 11990000, 0, 0, '2020-10-25', 'Yes', N'Cửa hàng'),
		(1652, '001203027599', N'Loại 2 - Viettel Post', N'Chuyển khoản', 11990000, 0, 0, '2020-11-25', 'Yes', N'Cửa hàng'),
		(1653, '001203027599', N'Loại 2 - Viettel Post', N'Chuyển khoản', 11990000, 0, 0, '2020-12-25', 'Yes', N'Cửa hàng'),
		(1654, '001203027599', N'Loại 2 - GHTK', N'Chuyển khoản', 15990000, 0, 0, '2023-02-26', 'Yes', N'Cửa hàng'),
		(1655, '001203027599', N'Loại 2 - Kerry Express', N'Chuyển khoản', 1699000, 0, 0, '2023-03-27', 'Yes', N'Cửa hàng'),
		(1656, '001203027599', N'Loại 2 - Kerry Express', N'Chuyển khoản', 1299000, 0, 0, '2023-04-26', 'Yes', N'Cửa hàng'),
		(1657, '001203027599', N'Loại 2 - GHN', N'Chuyển khoản', 8990000, 0, 0, '2020-05-01', 'Yes', N'Cửa hàng'),
		(1658, '001203027599', N'Loại 2 - SShip', N'Chuyển khoản', 7990000, 0, 0, '2020-06-03', 'Yes', N'Cửa hàng'),
		(1659, '001203027599', N'Loại 2 - VNPost', N'Chuyển khoản', 12990000, 0, 0, '2020-07-04', 'Yes', N'Cửa hàng'),
		(1660, '001203027599', N'Loại 2 - VNPost', N'Chuyển khoản', 13990000, 0, 0, '2020-08-05', 'Yes', N'Cửa hàng'),
		(1661, '001203027599', N'Loại 2 - Viettel Post', N'Chuyển khoản', 11990000, 0, 0, '2020-09-06', 'Yes', N'Cửa hàng'),
		(1662, '001203027599', N'Loại 2 - Viettel Post', N'Chuyển khoản', 11990000, 0, 0, '2020-10-07', 'Yes', N'Cửa hàng'),
		(1663, '001203027599', N'Loại 2 - Viettel Post', N'Chuyển khoản', 11990000, 0, 0, '2020-11-08', 'Yes', N'Cửa hàng'),
		(1664, '001203027599', N'Loại 2 - Viettel Post', N'Chuyển khoản', 11990000, 0, 0, '2020-12-09', 'Yes', N'Cửa hàng'),

		(1665, '001203027599', N'Loại 2 - GHN', N'Chuyển khoản', 13990000, 50000, 0, '2021-01-01', 'No', N'Shipper'),
		(1666, '001203027599', N'Loại 2 - GHTK', N'Chuyển khoản', 5990000, 50000, 0, '2021-02-01', 'No', N'Shipper'),
		(1667, '001203027599', N'Loại 2 - Kerry Express', N'Chuyển khoản', 6990000, 50000, 0, '2021-03-01', 'No', N'Shipper'),
		(1668, '001203027599', N'Loại 2 - Kerry Express', N'Chuyển khoản', 12990000, 50000, 0, '2021-04-30', 'No', N'Shipper'),
		(1669, '001203027599', N'Loại 2 - GHN', N'Chuyển khoản', 8990000, 50000, 0, '2021-05-14', 'No', N'Shipper'),
		(1670, '001203027599', N'Loại 2 - SShip', N'Chuyển khoản', 7990000, 50000, 0, '2021-06-15', 'No', N'Shipper'),
		(1671, '001203027599', N'Loại 2 - VNPost', N'Chuyển khoản', 12990000, 50000, 0, '2021-07-14', 'No', N'Shipper'),
		(1672, '001203027599', N'Loại 2 - VNPost', N'Chuyển khoản', 13990000, 50000, 0, '2021-08-14', 'No', N'Shipper'),
		(1673, '001203027599', N'Loại 2 - Viettel Post', N'Chuyển khoản', 11990000, 50000, 0, '2021-09-14', 'No', N'Shipper'),
		(1674, '001203027599', N'Loại 2 - Viettel Post', N'Chuyển khoản', 11990000, 50000, 0, '2021-10-14', 'No', N'Shipper'),
		(1675, '001203027599', N'Loại 2 - Viettel Post', N'Chuyển khoản', 11990000, 50000, 0, '2021-11-14', 'No', N'Shipper'),
		(1676, '001203027599', N'Loại 2 - Viettel Post', N'Chuyển khoản', 11990000, 22000, 0, '2021-12-14', 'No', N'Shipper'),
		(1677, '001203027599', N'Loại 2 - Kerry Express', N'Chuyển khoản', 6990000, 50000, 0, '2021-03-14', 'No', N'Shipper'),
		(1678, '001203027599', N'Loại 2 - Kerry Express', N'Chuyển khoản', 12990000, 50000, 0, '2021-04-14', 'No', N'Shipper'),
		(1679, '001203027599', N'Loại 2 - GHN', N'Chuyển khoản', 8990000, 50000, 0, '2021-05-15', 'No', N'Shipper'),
		(1680, '001203027599', N'Loại 2 - SShip', N'Chuyển khoản', 7990000, 50000, 0, '2021-06-12', 'No', N'Shipper'),
		(1681, '001203027599', N'Loại 2 - VNPost', N'Chuyển khoản', 12990000, 50000, 0, '2021-07-15', 'No', N'Shipper'),
		(1682, '001203027599', N'Loại 2 - VNPost', N'Chuyển khoản', 13990000, 50000, 0, '2021-08-15', 'No', N'Shipper'),
		(1683, '001203027599', N'Loại 2 - Viettel Post', N'Chuyển khoản', 11990000, 50000, 0, '2021-09-17', 'No', N'Shipper'),
		(1684, '001203027599', N'Loại 2 - Viettel Post', N'Chuyển khoản', 11990000, 50000, 0, '2021-10-18', 'No', N'Shipper'),
		(1685, '001203027599', N'Loại 2 - Viettel Post', N'Chuyển khoản', 11990000, 50000, 0, '2021-11-19', 'No', N'Shipper'),
		(1686, '001203027599', N'Loại 2 - Viettel Post', N'Chuyển khoản', 11990000, 22000, 0, '2021-12-20', 'No', N'Shipper'),
		(1687, '001203027599', N'Loại 2 - GHTK', N'Chuyển khoản', 5990000, 50000, 0, '2021-02-11', 'No', N'Shipper'),
		(1688, '001203027599', N'Loại 2 - Kerry Express', N'Chuyển khoản', 6990000, 50000, 0, '2021-03-15', 'No', N'Shipper'),
		(1689, '001203027599', N'Loại 2 - Kerry Express', N'Chuyển khoản', 12990000, 50000, 0, '2021-04-17', 'No', N'Shipper'),
		(1690, '001203027599', N'Loại 2 - GHN', N'Chuyển khoản', 8990000, 50000, 0, '2021-05-18', 'No', N'Shipper'),
		(1691, '001203027599', N'Loại 2 - SShip', N'Chuyển khoản', 7990000, 50000, 0, '2021-06-19', 'No', N'Shipper'),
		(1692, '001203027599', N'Loại 2 - VNPost', N'Chuyển khoản', 12990000, 50000, 0, '2021-07-21', 'No', N'Shipper'),
		(1693, '001203027599', N'Loại 2 - VNPost', N'Chuyển khoản', 13990000, 50000, 0, '2021-08-22', 'No', N'Shipper'),
		(1694, '001203027599', N'Loại 2 - Viettel Post', N'Chuyển khoản', 11990000, 50000, 0, '2021-09-12', 'No', N'Shipper'),
		(1695, '001203027599', N'Loại 2 - Viettel Post', N'Chuyển khoản', 11990000, 50000, 0, '2021-10-11', 'No', N'Shipper'),
		(1696, '001203027599', N'Loại 2 - Viettel Post', N'Chuyển khoản', 11990000, 50000, 0, '2021-11-10', 'No', N'Shipper'),
		(1697, '001203027599', N'Loại 2 - Viettel Post', N'Chuyển khoản', 11990000, 22000, 0, '2021-12-09', 'No', N'Shipper'),
		(1698, '001203027599', N'Loại 2 - GHTK', N'Chuyển khoản', 5990000, 50000, 0, '2021-02-23', 'No', N'Shipper'),
		(1699, '001203027599', N'Loại 2 - Kerry Express', N'Chuyển khoản', 6990000, 50000, 0, '2021-03-27', 'No', N'Shipper'),
		(1700, '001203027599', N'Loại 2 - Kerry Express', N'Chuyển khoản', 12990000, 50000, 0, '2021-04-29', 'No', N'Shipper'),
		(1701, '001203027599', N'Loại 2 - GHN', N'Chuyển khoản', 8990000, 50000, 0, '2021-05-20', 'No', N'Shipper'),
		(1702, '001203027599', N'Loại 2 - SShip', N'Chuyển khoản', 7990000, 50000, 0, '2021-06-24', 'No', N'Shipper'),
		(1703, '001203027599', N'Loại 2 - VNPost', N'Chuyển khoản', 12990000, 50000, 0, '2021-07-23', 'No', N'Shipper'),
		(1704, '001203027599', N'Loại 2 - VNPost', N'Chuyển khoản', 13990000, 50000, 0, '2021-08-10', 'No', N'Shipper'),
		(1705, '001203027599', N'Loại 2 - Viettel Post', N'Chuyển khoản', 11990000, 50000, 0, '2021-09-01', 'No', N'Shipper'),
		(1706, '001203027599', N'Loại 2 - Viettel Post', N'Chuyển khoản', 11990000, 50000, 0, '2021-10-02', 'No', N'Shipper'),
		(1707, '001203027599', N'Loại 2 - Viettel Post', N'Chuyển khoản', 11990000, 50000, 0, '2021-11-03', 'No', N'Shipper'),
		(1708, '001203027599', N'Loại 2 - Viettel Post', N'Chuyển khoản', 11990000, 22000, 0, '2021-12-04', 'No', N'Shipper'),
		(1709, '001203027599', N'Loại 2 - GHTK', N'Chuyển khoản', 5990000, 50000, 0, '2021-02-17', 'No', N'Shipper'),
		(1710, '001203027599', N'Loại 2 - Kerry Express', N'Chuyển khoản', 6990000, 50000, 0, '2021-03-21', 'No', N'Shipper'),
		(1711, '001203027599', N'Loại 2 - Kerry Express', N'Chuyển khoản', 12990000, 50000, 0, '2021-04-24', 'No', N'Shipper'),
		(1712, '001203027599', N'Loại 2 - GHN', N'Chuyển khoản', 8990000, 50000, 0, '2021-05-25', 'No', N'Shipper'),
		(1713, '001203027599', N'Loại 2 - SShip', N'Chuyển khoản', 7990000, 50000, 0, '2021-06-26', 'No', N'Shipper'),
		(1714, '001203027599', N'Loại 2 - VNPost', N'Chuyển khoản', 12990000, 50000, 0, '2021-07-27', 'No', N'Shipper'),
		(1715, '001203027599', N'Loại 2 - VNPost', N'Chuyển khoản', 13990000, 50000, 0, '2021-08-29', 'No', N'Shipper'),
		(1716, '001203027599', N'Loại 2 - Viettel Post', N'Chuyển khoản', 11990000, 50000, 0, '2021-09-30', 'No', N'Shipper'),
		(1717, '001203027599', N'Loại 2 - Viettel Post', N'Chuyển khoản', 11990000, 50000, 0, '2021-10-11', 'No', N'Shipper'),
		(1718, '001203027599', N'Loại 2 - Viettel Post', N'Chuyển khoản', 11990000, 50000, 0, '2021-11-16', 'No', N'Shipper'),
		(1719, '001203027599', N'Loại 2 - Viettel Post', N'Chuyển khoản', 11990000, 22000, 0, '2021-12-13', 'No', N'Shipper'),

		(1720, '001203027599', N'Loại 2 - GHTK', N'Chuyển khoản', 1590000, 0, 0, '2023-02-21', 'Yes', N'Shipper'),
		(1721, '001203027599', N'Loại 2 - Kerry Express', N'Chuyển khoản', 169000, 0, 0, '2023-03-21', 'Yes', N'Shipper'),
		(1722, '001203027599', N'Loại 2 - Kerry Express', N'Chuyển khoản', 199000, 0, 0, '2023-04-26', 'Yes', N'Shipper'),
		(1723, '001203027599', N'Loại 2 - GHN', N'Chuyển khoản', 899000, 0, 0, '2020-05-24', 'Yes', N'Shipper'),
		(1724, '001203027599', N'Loại 2 - SShip', N'Chuyển khoản', 790000, 0, 0, '2020-06-24', 'Yes', N'Shipper'),
		(1725, '001203027599', N'Loại 2 - VNPost', N'Chuyển khoản', 2990000, 0, 0, '2020-07-24', 'Yes', N'Shipper'),
		(1726, '001203027599', N'Loại 2 - VNPost', N'Chuyển khoản', 1990000, 0, 0, '2020-08-24', 'Yes', N'Shipper'),
		(1727, '001203027599', N'Loại 2 - Viettel Post', N'Chuyển khoản', 1199000, 0, 0, '2020-09-24', 'Yes', N'Shipper'),
		(1728, '001203027599', N'Loại 2 - Viettel Post', N'Chuyển khoản', 1190000, 0, 0, '2020-10-24', 'Yes', N'Shipper'),
		(1729, '001203027599', N'Loại 2 - Viettel Post', N'Chuyển khoản', 1190000, 0, 0, '2020-11-24', 'Yes', N'Shipper'),
		(1730, '001203027599', N'Loại 2 - Viettel Post', N'Chuyển khoản', 1990000, 0, 0, '2020-12-24', 'Yes', N'Shipper'),
		(1731, '001203027599', N'Loại 2 - GHTK', N'Chuyển khoản', 1599000, 0, 0, '2023-02-24', 'Yes', N'Shipper'),
		(1732, '001203027599', N'Loại 2 - Kerry Express', N'Chuyển khoản', 699000, 0, 0, '2023-03-24', 'Yes', N'Shipper'),
		(1733, '001203027599', N'Loại 2 - Kerry Express', N'Chuyển khoản', 199000, 0, 0, '2023-04-24', 'Yes', N'Shipper'),
		(1734, '001203027599', N'Loại 2 - GHN', N'Chuyển khoản', 899000, 0, 0, '2020-05-25', 'Yes', N'Shipper'),
		(1735, '001203027599', N'Loại 2 - SShip', N'Chuyển khoản', 70000, 0, 0, '2020-06-25', 'Yes', N'Shipper'),
		(1736, '001203027599', N'Loại 2 - VNPost', N'Chuyển khoản', 1290000, 0, 0, '2020-07-25', 'Yes', N'Shipper'),
		(1737, '001203027599', N'Loại 2 - VNPost', N'Chuyển khoản', 990000, 0, 0, '2020-08-25', 'Yes', N'Shipper'),
		(1738, '001203027599', N'Loại 2 - Viettel Post', N'Chuyển khoản', 1199000, 0, 0, '2020-09-25', 'Yes', N'Shipper'),
		(1739, '001203027599', N'Loại 2 - Viettel Post', N'Chuyển khoản', 1190000, 0, 0, '2020-10-25', 'Yes', N'Shipper'),
		(1740, '001203027599', N'Loại 2 - Viettel Post', N'Chuyển khoản', 1190000, 0, 0, '2020-11-25', 'Yes', N'Shipper'),
		(1741, '001203027599', N'Loại 2 - Viettel Post', N'Chuyển khoản', 1990000, 0, 0, '2020-12-25', 'Yes', N'Shipper'),
		(1742, '001203027599', N'Loại 2 - GHTK', N'Chuyển khoản', 1599000, 0, 0, '2023-02-26', 'Yes', N'Shipper'),
		(1743, '001203027599', N'Loại 2 - Kerry Express', N'Chuyển khoản', 199000, 0, 0, '2023-03-27', 'Yes', N'Shipper'),
		(1744, '001203027599', N'Loại 2 - Kerry Express', N'Chuyển khoản', 199000, 0, 0, '2023-04-26', 'Yes', N'Shipper'),
		(1745, '001203027599', N'Loại 2 - GHN', N'Chuyển khoản', 89900, 0, 0, '2020-05-01', 'Yes', N'Shipper'),
		(1746, '001203027599', N'Loại 2 - SShip', N'Chuyển khoản', 790000, 0, 0, '2020-06-03', 'Yes', N'Shipper'),
		(1747, '001203027599', N'Loại 2 - VNPost', N'Chuyển khoản', 1990000, 0, 0, '2020-07-04', 'Yes', N'Shipper'),
		(1748, '001203027599', N'Loại 2 - VNPost', N'Chuyển khoản', 1990000, 0, 0, '2020-08-05', 'Yes', N'Shipper'),
		(1749, '001203027599', N'Loại 2 - Viettel Post', N'Chuyển khoản', 1990000, 0, 0, '2020-09-06', 'Yes', N'Shipper'),
		(1750, '001203027599', N'Loại 2 - Viettel Post', N'Chuyển khoản', 1990000, 0, 0, '2020-10-07', 'Yes', N'Shipper'),
		(1751, '001203027599', N'Loại 2 - Viettel Post', N'Chuyển khoản', 1990000, 0, 0, '2020-11-08', 'Yes', N'Shipper'),
		(1752, '001203027599', N'Loại 2 - Viettel Post', N'Chuyển khoản', 1990000, 0, 0, '2020-12-09', 'Yes', N'Shipper');

create table SanPham_HoaDon(
	MaSP int not null,
	SoHD int not null,
	SLXuat int,
	primary key (MaSP, SoHD),
	foreign key (MaSP) references SanPham(MaSP),
	foreign key (SoHD) references HoaDon(SoHD));

insert into SanPham_HoaDon
values (1, 1001, 5),
		(2, 1001, 10),
		(3, 1001, 15),
		(4, 1002, 5),
		(5, 1002, 10),
		(6, 1002, 15),
		(7, 1003, 5),
		(8, 1003, 10),
		(9, 1003, 10),
		(10, 1004, 5),
		(11, 1004, 10),
		(12, 1004, 10),
		(13, 1005, 5),
		(14, 1005, 10),
		(15, 1005, 10),
		(16, 1006, 5),
		(17, 1006, 10),
		(18, 1006, 1),
		(19, 1007, 5),
		(20, 1007, 10),
		(21, 1007, 1),
		(22, 1008, 5),
		(23, 1008, 10),
		(24, 1008, 1),
		(25, 1009, 5),
		(26, 1009, 10),
		(27, 1009, 1),
		(28, 1010, 5),
		(29, 1010, 10),
		(30, 1010, 1),
		(31, 1011, 5),
		(32, 1011, 10),
		(33, 1011, 15),
		(34, 1012, 5),
		(35, 1012, 10),
		(36, 1012, 12),
		(37, 1013, 5),
		(38, 1013, 10),
		(39, 1013, 1),
		(40, 1014, 5),
		(41, 1014, 10),
		(42, 1014, 1),
		(43, 1015, 5),
		(44, 1015, 10),
		(45, 1015, 1),

		(1, 1016, 5),
		(2, 1016, 10),
		(3, 1016, 1),
		(4, 1017, 5),
		(5, 1017, 10),
		(6, 1017, 1),
		(7, 1018, 5),
		(8, 1018, 10),
		(9, 1018, 1),
		(10, 1019, 5),
		(11, 1019, 10),
		(12, 1019, 1),
		(13, 1020, 5),
		(14, 1020, 10),
		(15, 1020, 1),
		(16, 1021, 5),
		(17, 1021, 10),
		(18, 1021, 15),
		(19, 1022, 5),
		(20, 1022, 10),
		(21, 1022, 1),
		(22, 1023, 5),
		(23, 1023, 10),
		(24, 1023, 1),
		(25, 1024, 5),
		(26, 1024, 10),
		(27, 1024, 5),
		(28, 1025, 5),
		(29, 1025, 10),
		(30, 1025, 15),
		(31, 1026, 5),
		(32, 1026, 10),
		(33, 1026, 5),
		(34, 1027, 5),
		(35, 1027, 10),
		(36, 1027, 5),
		(37, 1028, 5),
		(38, 1028, 10),
		(39, 1028, 5),
		(40, 1029, 5),
		(41, 1029, 10),
		(42, 1029, 5),
		(43, 1030, 5),
		(44, 1030, 10),
		(45, 1030, 5),

		(1, 1031, 5),
		(2, 1031, 10),
		(3, 1031, 15),
		(4, 1032, 5),
		(5, 1032, 10),
		(6, 1032, 15),
		(7, 1033, 5),
		(8, 1033, 10),
		(9, 1033, 15),
		(10, 1034, 5),
		(11, 1034, 10),
		(12, 1034, 15),
		(13, 1035, 5),
		(14, 1035, 10),
		(15, 1035, 15),
		(16, 1036, 5),
		(17, 1036, 10),
		(18, 1036, 15),
		(19, 1037, 5),
		(20, 1037, 10),
		(21, 1037, 15),
		(22, 1038, 5),
		(23, 1038, 10),
		(24, 1038, 15),
		(25, 1039, 5),
		(26, 1039, 10),
		(27, 1039, 15),
		(28, 1040, 5),
		(29, 1040, 10),
		(30, 1040, 15),
		(31, 1041, 5),
		(32, 1041, 10),
		(33, 1041, 15),
		(34, 1042, 5),
		(35, 1042, 10),
		(36, 1042, 15),
		(37, 1043, 5),
		(38, 1043, 10),
		(39, 1043, 15),
		(40, 1044, 5),
		(41, 1044, 10),
		(42, 1044, 15),
		(43, 1045, 5),
		(44, 1045, 10),
		(45, 1045, 15),

		(1, 1046, 5),
		(2, 1046, 10),
		(3, 1046, 15),
		(4, 1047, 5),
		(5, 1047, 10),
		(6, 1047, 15),
		(7, 1048, 5),
		(8, 1048, 10),
		(9, 1048, 15),
		(10, 1049, 5),
		(11, 1049, 10),
		(12, 1049, 15),
		(13, 1050, 5),
		(14, 1050, 10),
		(15, 1050, 15),
		(16, 1051, 5),
		(17, 1051, 10),
		(18, 1051, 15),
		(19, 1052, 5),
		(20, 1052, 10),
		(21, 1052, 15),
		(22, 1053, 5),
		(23, 1053, 10),
		(24, 1053, 15),
		(25, 1054, 5),
		(26, 1054, 10),
		(27, 1054, 15),
		(28, 1055, 5),
		(29, 1055, 10),
		(30, 1055, 15),
		(31, 1056, 5),
		(32, 1056, 10),
		(33, 1056, 15),
		(34, 1057, 5),
		(35, 1057, 10),
		(36, 1057, 15),
		(37, 1058, 5),
		(38, 1058, 10),
		(39, 1058, 15),
		(40, 1059, 5),
		(41, 1059, 10),
		(42, 1059, 15),
		(43, 1060, 5),
		(44, 1060, 10),
		(45, 1060, 15),

		(1, 1061, 5),
		(2, 1061, 10),
		(3, 1061, 15),
		(4, 1062, 5),
		(5, 1062, 10),
		(6, 1062, 15),
		(7, 1063, 5),
		(8, 1063, 10),
		(9, 1063, 15),
		(10, 1064, 5),
		(11, 1064, 10),
		(12, 1064, 15),
		(13, 1065, 5),
		(14, 1065, 10),
		(15, 1065, 15),
		(16, 1066, 5),
		(17, 1066, 10),
		(18, 1066, 15),
		(19, 1067, 5),
		(20, 1067, 10),
		(21, 1067, 15),
		(22, 1068, 5),
		(23, 1068, 10),
		(24, 1068, 15),
		(25, 1069, 5),
		(26, 1069, 10),
		(27, 1069, 15),
		(28, 1070, 5),
		(29, 1070, 10),
		(30, 1070, 15),
		(31, 1071, 5),
		(32, 1071, 10),
		(33, 1071, 15),
		(34, 1072, 5),
		(35, 1072, 10),
		(36, 1072, 15),
		(37, 1073, 5),
		(38, 1073, 10),
		(39, 1073, 15),
		(40, 1074, 5),
		(41, 1074, 10),
		(42, 1074, 15),
		(43, 1075, 5),
		(44, 1075, 10),
		(45, 1075, 15),

		(1, 1076, 5),
		(2, 1076, 10),
		(3, 1076, 15),
		(4, 1077, 5),
		(5, 1077, 10),
		(6, 1077, 15),
		(7, 1078, 5),
		(8, 1078, 10),
		(9, 1078, 15),
		(10, 1079, 5),
		(11, 1079, 10),
		(12, 1079, 15),
		(13, 1080, 5),
		(14, 1080, 10),
		(15, 1080, 15),
		(16, 1081, 5),
		(17, 1081, 10),
		(18, 1081, 15),
		(19, 1082, 5),
		(20, 1082, 10),
		(21, 1082, 15),
		(22, 1083, 5),
		(23, 1083, 10),
		(24, 1083, 15),
		(25, 1084, 5),
		(26, 1084, 10),
		(27, 1084, 15),
		(28, 1085, 5),
		(29, 1085, 10),
		(30, 1085, 15),
		(31, 1086, 5),
		(32, 1086, 10),
		(33, 1086, 15),
		(34, 1087, 5),
		(35, 1087, 10),
		(36, 1087, 15),
		(37, 1088, 5),
		(38, 1088, 10),
		(39, 1088, 15),
		(40, 1089, 5),
		(41, 1089, 10),
		(42, 1089, 15),
		(43, 1090, 5),
		(44, 1090, 10),
		(45, 1090, 15),

		(1, 1091, 5),
		(2, 1091, 10),
		(3, 1091, 15),
		(4, 1092, 5),
		(5, 1092, 10),
		(6, 1092, 15),
		(7, 1093, 5),
		(8, 1093, 10),
		(9, 1093, 15),
		(10, 1094, 5),
		(11, 1094, 10),
		(12, 1094, 15),
		(13, 1095, 5),
		(14, 1095, 10),
		(15, 1095, 15),
		(16, 1096, 5),
		(17, 1096, 10),
		(18, 1096, 15),
		(19, 1097, 5),
		(20, 1097, 10),
		(21, 1097, 15),
		(22, 1098, 5),
		(23, 1098, 10),
		(24, 1098, 15),
		(25, 1099, 5),
		(26, 1099, 10),
		(27, 1099, 15),
		(28, 1100, 5),
		(29, 1100, 10),
		(30, 1100, 15),
		(31, 1101, 5),
		(32, 1101, 10),
		(33, 1101, 15),
		(34, 1102, 5),
		(35, 1102, 10),
		(36, 1102, 15),
		(37, 1103, 5),
		(38, 1103, 10),
		(39, 1103, 15),
		(40, 1104, 5),
		(41, 1104, 10),
		(42, 1104, 15),
		(43, 1105, 5),
		(44, 1105, 10),
		(45, 1105, 15),

		(1, 1106, 5),
		(2, 1106, 10),
		(3, 1106, 15),
		(4, 1107, 5),
		(5, 1107, 10),
		(6, 1107, 15),
		(7, 1108, 5),
		(8, 1108, 10),
		(9, 1108, 15),

		(1, 1217, 5),
		(2, 1217, 10),
		(3, 1217, 15),
		(4, 1218, 5),
		(5, 1218, 10),
		(6, 1218, 15),
		(7, 1219, 5),
		(8, 1219, 10),
		(9, 1219, 15),
		(10, 1220, 5),
		(11, 1220, 10),
		(12, 1220, 15),
		(13, 1221, 5),
		(14, 1221, 10),
		(15, 1221, 15),
		(16, 1222, 5),
		(17, 1222, 10),
		(18, 1222, 15),
		(19, 1223, 5),
		(20, 1223, 10),
		(21, 1223, 15),
		(22, 1224, 5),
		(23, 1224, 10),
		(24, 1224, 15),
		(25, 1225, 5),
		(26, 1225, 10),
		(27, 1225, 15),
		(28, 1226, 5),
		(29, 1226, 10),
		(30, 1226, 15),
		(31, 1227, 5),
		(32, 1227, 10),
		(33, 1227, 15),
		(34, 1228, 5),
		(35, 1228, 10),
		(36, 1228, 15),
		(37, 1229, 5),
		(38, 1229, 10),
		(39, 1229, 15),
		(40, 1230, 5),
		(41, 1230, 10),
		(42, 1230, 15),
		(43, 1231, 5),
		(44, 1231, 10),
		(45, 1231, 15),

		(1, 1232, 5),
		(2, 1232, 10),
		(3, 1232, 15),
		(4, 1233, 5),
		(5, 1233, 10),
		(6, 1233, 15),
		(7, 1234, 5),
		(8, 1234, 10),
		(9, 1074, 15),
		(10, 1235, 5),
		(11, 1235, 10),
		(12, 1235, 15),
		(13, 1236, 5),
		(14, 1236, 10),
		(15, 1236, 15),
		(16, 1237, 5),
		(17, 1237, 10),
		(18, 1237, 15),
		(19, 1238, 5),
		(20, 1238, 10),
		(21, 1238, 15),
		(22, 1239, 5),
		(23, 1239, 10),
		(24, 1239, 15),
		(25, 1240, 5),
		(26, 1240, 10),
		(27, 1240, 15),
		(28, 1241, 5),
		(29, 1241, 10),
		(30, 1241, 15),
		(31, 1242, 5),
		(32, 1242, 10),
		(33, 1242, 15),
		(34, 1243, 5),
		(35, 1243, 10),
		(36, 1243, 15),
		(37, 1244, 5),
		(38, 1244, 10),
		(39, 1244, 15),
		(40, 1245, 5),
		(41, 1245, 10),
		(42, 1245, 15),
		(43, 1246, 5),
		(44, 1246, 10),
		(45, 1246, 15),

		(1, 1247, 5),
		(2, 1247, 10),
		(3, 1247, 15),
		(4, 1248, 5),
		(5, 1248, 10),
		(6, 1248, 15),
		(7, 1249, 5),
		(8, 1249, 10),
		(9, 1249, 15),
		(10, 1250, 5),
		(11, 1250, 10),
		(12, 1250, 15),
		(13, 1251, 5),
		(14, 1251, 10),
		(15, 1251, 15),
		(16, 1252, 5),
		(17, 1252, 10),
		(18, 1252, 15),

		(18, 1575, 1),
		(19, 1575, 2),
		(20, 1576, 3),
		(21, 1577, 1),
		(22, 1577, 2),
		(23, 1578, 3),
		(24, 1578, 1),
		(25, 1578, 2),
		(26, 1579, 3),
		(27, 1580, 1),
		(29, 1582, 1),
		(30, 1582, 1),
		(31, 1582, 1),
		(32, 1583, 1),
		(33, 1583, 5),
		(34, 1584, 5),
		(35, 1585, 5),
		(36, 1586, 5),
		(37, 1587, 5),
		(38, 1588, 5),
		(39, 1589, 5),
		(40, 1590, 5),
		(41, 1591, 5),
		(42, 1591, 5),
		(43, 1593, 5),
		(44, 1594, 5),
		(44, 1595, 5),
		(1, 1596, 1),
		(2, 1597, 5),
		(3, 1598, 5),
		(4, 1599, 5),
		(5, 1601, 5),
		(6, 1602, 5),
		(7, 1603, 5),
		(8, 1604, 5),
		(9, 1605, 5),
		(10, 1606, 5),
		(11, 1607, 5),
		(12, 1608, 5),
		(13, 1609, 5),
		(14, 1610, 5),
		(15, 1611, 5),
		(16, 1612, 5),
		(17, 1613, 5),
		(18, 1614, 5),
		(19, 1615, 5),
		(20, 1616, 5),
		(21, 1617, 1),
		(22, 1618, 5),
		(23, 1619, 1),
		(24, 1620, 1),
		(25, 1621, 1),
		(26, 1622, 1),
		(27, 1623, 1),
		(28, 1624, 1),
		(29, 1625, 1),
		(30, 1626, 1),
		(21, 1627, 1),
		(32, 1628, 1),
		(33, 1629, 1),
		(33, 1630, 1),
		(34, 1631, 1),
		(35, 1632, 1),
		(33, 1633, 1),
		(33, 1634, 1),
		(33, 1635, 1),
		(33, 1636, 1),
		(33, 1637, 1),
		(33, 1638, 1),
		(33, 1639, 1),
		(33, 1640, 1),
		(33, 1641, 1),
		(33, 1642, 1),
		(33, 1643, 1),
		(33, 1644, 1),
		(33, 1645, 1),
		(34, 1646, 1),
		(43, 1647, 1),
		(18, 1648, 1),
		(18, 1649, 1),
		(18, 1650, 1),
		(18, 1651, 1),
		(18, 1652, 1),
		(18, 1653, 1),
		(18, 1654, 1),
		(18, 1655, 1),
		(18, 1656, 1),
		(18, 1657, 1),
		(18, 1658, 1),
		(18, 1659, 1),
		(18, 1660, 1),
		(18, 1661, 1),
		(18, 1662, 1),
		(18, 1663, 1),
		(18, 1664, 15);

create table GiaoDich(
	TaiKhoan char(12) not null primary key,
	TienMatThu money,
	TienChuyenKhoanThu money,
	TienTheThu money,
	TienMatChi money,
	TienChuyenKhoanChi money,
	TienTheChi money,
	foreign key (TaiKhoan) references QuanLiCuaHang(TaiKhoan)
)

insert into GiaoDich
values ('001203027599', 70400000, 100500000, 105000000, 105000000, 105000000, 105000000),
		('001234567890', 70400000, 100500000, 105000000, 105000000, 105000000, 105000000),
		('001200000000', 70400000, 100500000, 105000000, 105000000, 105000000, 105000000),
		('001299999999', 70400000, 100500000, 105000000, 105000000, 105000000, 105000000);

create table SoQuy(
	TaiKhoan char(12) not null primary key,
	ThuNhap money,
	TienVanChuyen money,
	TienMatBang money,
	TienSinhHoat money,
	DoanhThu money,
	TongChi money,
	foreign key (TaiKhoan) references QuanLiCuaHang(TaiKhoan)
)

insert into SoQuy
values ('001203027599', 70400000, 100500000, 105000000, 105000000, 105000000, 105000000),
		('001234567890', 70400000, 100500000, 105000000, 105000000, 105000000, 105000000),
		('001200000000', 70400000, 100500000, 105000000, 105000000, 105000000, 105000000),
		('001299999999', 70400000, 100500000, 105000000, 105000000, 105000000, 105000000);

create table CongNoNVC(
	MaNVC nvarchar(20) not null,
	TaiKhoan char(12) not null,
	TenNVC nvarchar(50),
	COD float,
	PhiShipToiThieu money,
	CongNoPhaiThu money,
	CongNoPhaiTra money,
	primary key(MaNVC, TaiKhoan),
	foreign key (TaiKhoan) references QuanLiCuaHang(TaiKhoan)
)


insert into CongNoNVC
values (N'GHN', '001203027599', N'Giao hàng nhanh', 0.01, 15000, 200000, 200000),
		(N'GHN', '001200000000', N'Giao hàng nhanh', 0.01, 15000, 100000, 100000),
		(N'Viettel Post', '001203027599', N'Đơn vị vận chuyển hàng hóa của Viettel',0.008, 20000, 100000, 100000),
		(N'VNPost', '001203027599', N'Liên Minh Bưu chính Thế giới (UPU) và Hiệp hội EMS', 0.01 , 15000, 200000, 200000),
		(N'GHTK', '001203027599', N'Giao hàng tiết kiệm', 0.01, 10000, 200000, 200000),
		(N'Kerry Express', '001203027599', N'Công ty TNHH Kerry Express Việt Nam', 0.01, 20000, 200000, 200000),
		(N'SShip', '001203027599', N'Công nghệ vận chuyển', 0.01 , 15000, 200000, 200000),
		(N'SShip', '001234567890', N'Công nghệ vận chuyển', 0.01 , 15000, 200000, 200000),
		(N'VNPost', '001299999999', N'Liên Minh Bưu chính Thế giới (UPU) và Hiệp hội EMS', 0.01 , 15000, 200000, 200000);

create table CongNoNCC(
	MaNCC nvarchar(20) not null,
	TaiKhoan char(12) not null,
	TenNCC nvarchar(50),
	CongNoPhaiTra money,
	primary key(MaNCC, TaiKhoan),
	foreign key (TaiKhoan) references QuanLiCuaHang(TaiKhoan)
)

insert into CongNoNCC
values (N'NCC001', '001203027599', N'Xưởng may Xuongmay.net', 100000),
		(N'NCC002', '001203027599', N'Xưởng sỉ quần áo phụ kiện ST STORE', 200000),
		(N'NCC003', '001203027599', N'Xưởng may 7store.vn', 150000),
		(N'NCC004', '001203027599', N'Xưởng may Trang Phạm thuongmua.com', 300000),
		(N'NCC005', '001203027599', N'Xưởng may Thảo Linh', 500000),
		(N'NCC001', '001234567890', N'Xưởng may Xuongmay.net', 100000),
		(N'NCC001', '001200000000', N'Xưởng may Xuongmay.net', 100000);

create table CongNoSTMDT(
	MaSTMDT nvarchar(20) not null,
	TaiKhoan char(12) not null,
	TenSTMDT nvarchar(50),
	PhiThanhToan float,
	PhiCoDinh float,
	PhiDichVu float,
	CuocLechPhiVanChuyen money,
	VAT_ThuNhapCaNhan float,
	CongNoPhaiThu money,
	CongNoPhaiTra money,
	primary key(MaSTMDT, TaiKhoan),
	foreign key (TaiKhoan) references QuanLiCuaHang(TaiKhoan)
)


insert into CongNoSTMDT
values (N'Shoppe', '001203027599', 'Shoppe', 0.03, 0.03, 0.03, 15000, 0.015, 100000, 200000),
		(N'TiktokShop', '001203027599', 'TiktokShop', 0.01, 0, 0.035, 0, 0.015, 300000, 200000),
		(N'Lazada', '001203027599', 'Lazada', 0.03, 0.033, 0.03, 15000, 0.015, 120000, 200000),
		(N'Sendo', '001203027599', 'Sendo', 0.02, 0.02, 0, 15000, 0.015, 50000, 200000);

create table hangbanchay(
	ma int,
	ten nvarchar(100),
	gt char(5), 
	sl int
)

create table ThongKe(
	ma int,
	ten nvarchar(100),
	sl int,
	thang int,
	nam int
)
create table CongNoThu(
	thang int,
	nam int,
	tien money
)

create table CongNoChi(
	thang int,
	nam int,
	tien money
)

create table TongThu(
	thang int,
	nam int,
	tien money
)

create table TongChi(
	thang int,
	nam int,
	tien money
)

create table DuBao(
	ma int,
	tien money
)


create table doanhthu(
	thang int,
	nam int,
	tien money
)

create table bctc(
	ma int,
	thang int,
	nam int,
	tien money
)

create table bctc2(
	ma int,
	ngay1 int,
	thang1 int,
	nam1 int,
	ngay2 int,
	thang2 int,
	nam2 int,
	tien money
)

create table ThoiGian(
	ngay int,
	thang int,
	nam int
)